Parc_Id,Address Full_c,Parc_Prop_Class,Parc_Forc_Year,Parc_Occupied,Parc_Prop_Assmt,Parc_Minimum_Bid,Parc_BrownField,Zoning,Showings week,Website Publish End Date,Parc_Year_Built,Legal Description,FH_Cleanout,Offer Deadline,FH_Asking Price,Parc_Asking_Price,GCLB Owned,Parc_LRC_Sold,R4R Status,Tbl_Prop_Cat_Meaning,A_parc_CP__PID Interest::Adopt Date,A_parc_CP__PID Interest::Adopt_Void_Date
4731376030," ADDISON ST
FLINT, MI 48505",402,2004,,300,396.63,B,,10/18/2023,,,STEWART'S PLAT LOT 75.,x,10/30/2023,2000,,,p,,,,
4130203022," CRAWFORD ST
FLINT, MI 48507",402,2017,,200,672.63,A,,05/19/2022,,,NEWCOMBE PLACE NO. 1 LOT 662,x,05/31/2022,3500,0,Yes,p,,,,
4730126029," E BUNDY AVE
FLINT, MI 48505",402,2011,,200,391.98,A,,,,,BELLEVIEW LOT 259,,,,0,,,,Bundle-Occupied/Sell,,
4636253009," E FLINT PARK BLV
FLINT, MI 48505",402,2005,,900,429.96,C,,07/21/2023,,,FLINT PARK ALLOTMENT LOT 448.,x,07/31/2023,2500,,,,,,,
4106478024," E HAMILTON AVE
FLINT, MI 48506",402,2019,,1500,670.41,A,,12/01/2023,,,"RIVERSIDE LOT 9, BLK 2",x,12/11/2023,4500,0,,,,,,
4636429023," E MYRTLE AVE
FLINT, MI 48505",402,2004,,300,397.47,B,,,,,PASADENA. LOT 223.,,,,,,,,Vacant Lot,,
4636229010," E PHILADELPHIA BLV
FLINT, MI 48505",402,2018,,200,533.33,A,,,,,"BOULEVARD HEIGHTS LOT 48, BLK 2.",,,,0,,,,Vacant Lot,,
4730462041," E PIERSON RD
FLINT, MI 48505",402,2008,,200,489.26,A,,12/03/2021,,,OAK KNOLL NO. 1. LOT 534 EXC SLY 10.0 FT.,x,12/14/2021,3500,0,,,,,,
4730354035," E RIDGEWAY AVE
FLINT, MI 48505",402,2016,,300,662.77,A,,05/06/2022,,,OAK KNOLL LOT 62.,x,05/16/2022,2500,0,,,,,,
4625282023," E RUSSELL AVE
FLINT, MI 48505",402,2005,,200,606.48,C,,,,,ROBINWOOD LOT 160,,,,,,,,,,
4730155041," E RUSSELL AVE
FLINT, MI 48505",402,2015,,300,0,A,,,,,ROSEMONT LOT 147.,,,,0,,,,Bundle-Occupied/Sell,,
4730156008," E RUSSELL AVE
FLINT, MI 48505",402,2015,,200,0,A,,,,,ROSEMONT LOT 7.,,,,0,,,,,,
4730129036," E YORK AVE
FLINT, MI 48505",402,2017,,200,577.38,A,,,,,BELLEVIEW LOT 428 EXC ELY 5 FT.,,,,0,,,,Vacant Lot,,
4731204005," HORTON AVE
FLINT, MI 48505",402,2002,,100,388.1,B,,05/31/2023,,,CLOVERDALE LOT 92.,x,06/12/2023,2500,,,,,,,
4025276019," HURON ST
FLINT, MI 48507",402,2018,,900,876.97,A,,,,,VIRGINIA PLACE SUBDIVISION LOT 69,,,,0,,,,Vacant Lot,,
4108257007," KANSAS AVE
FLINT, MI 48506",402,2022,,2100,1168.76,A,,,,,KEARSLEY PARK NUMBER ONE LOT 793,,,,0,,,,Bundle-Occupied/Sell,,
4731129014," LOMITA AVE
FLINT, MI 48505",402,2004,,200,376.1,B,,,,,CLOVERDALE LOT 133.,,,,,,,,,,
4118307009," OAK ST
FLINT, MI 48503",402,2004,,100,373.74,B,,5/17 & 5/18,,,"FENTON & BISHOP'S WESTERLY ADDITION S 1 FT OF W 5 RDS OF LOT 5 AND W 5 RDS OF N 1/2 OF LOT 7, BLK 9.",x,05/30/2023,,,,,,,,
4012226002," PAGE ST
FLINT, MI 48505",402,2003,,100,611.93,B,,04/19/2023,,,PARK HEIGHTS ADDITION W 20 FT OF N 95 FT OF LOT 73 AND E 10 FT OF N 95 FT OF LOT 74.,x,05/01/2023,3000,,,,,Vacant Lot,,
4625412005," SHERMAN AVE
FLINT, MI 48505",402,2003,,300,375.6,B,,,,,SUBURBAN GARDENS LOT 705.,,,,,Yes,p,,,,
4730412028," SHERMAN AVE
FLINT, MI 48505",402,2004,,200,376.1,B,,10/11/2023,,,"FISHER PARK THAT PART OF LOTS 231 & 232 LYING SWLY OF FOLL DESC LINE: BEG AT A PT ON S LINE OF SD LOT 231, 13 FT E OF SW COR OF SD LOT 231; TH NWLY TO A PT ON E LINE OF SD LOT 232, 28 FT N OF SE COR OF SD LOT 232; TH NWLY TO P.O.E. ON N LINE OF SD LOT 232, 20 FT E OF NW COR OF SD LOT 232; EXC THAT PART OF SD LOT 232 LYING NELY OF FOLL DESC LINE: BEG AT A PT ON ABOVE DESC LINE, 20 FT SELY OF N LINE OF SD LOT 232; TH NWLY TO P.O.E. ON N LINE OF SD LOT 232, 6 FT E OF NW COR OF SD LOT 232",x,10/23/2023,3000,,,p,,,,
4119331018," SIMCOE AVE
FLINT, MI 48507",402,2014,,400,605.09,A,,09/06/2023,,,DEMING ROAD ADDITION LOT 112,x,09/18/2023,2000,0,,,,,,
4010279026," SLOAN ST
FLINT, MI 48504",402,2015,,600,0,A,,,,,"CIVIC MANOR NO. 1 PART OF LOTS 644 AND 645 BEG AT SELY COR OF SD LOT 645; TH NWLY ALG SLY LINE OF SD LOT, 50 FT; TH NLY 88.10 FT TO A PT ON NLY LINE OF SD LOT 644, 42 FT SELY FROM NWLY COR OF SD LOT; TH SELY ALG SD NLY LINE, 58 FT TO NELY COR OF SD LOT; TH SWLY ALG ELY LINE OF SD LOTS 644 AND 645, 80 FT TO BEG.",,,,0,,,,,,
4636129024," W BALTIMORE BLVD
FLINT, MI 48505",402,2006,,300,486.93,D,,11/22/2023,,,"BOULEVARD HEIGHTS LOT 2, BLK 11.",x,12/04/2023,2500,,,,,,,
1424577117," W JULIAH AVE
FLINT, MI 48505",402,2018,,100,647.48,B,,,,,LOT 615 CRESTLINE SEC 24 T8N R6E,,,,0,,,,Vacant Lot,,
4729126016,"0 CECIL DR
FLINT, MI 48505",402,2013,,400,471.12,A,,,,,WEBSTER WOODS LOT 12.,,,,0,,,,Bundle-Occupied/Sell,,
4625282009,"0 E AUSTIN AVE
FLINT, MI 48505",402,2010,,200,369.67,B,,08/03/2023,,,ROBINWOOD LOT 206,x,08/14/2023,2500,0,,,,,,
4636276013,"0 E BISHOP AVE
FLINT, MI 48505",402,2009,,500,417.78,A,,,,,FLINT PARK ALLOTMENT LOT 233,,,,0,,,,Bundle-Occupied/Sell,,
4636480018,"0 E GILLESPIE AVE
FLINT, MI 48505",402,2012,,,415.77,A,,,,,PASADENA LOT 331.,,,,0,,,,,,
4625208004,"0 E HOLBROOK AVE
FLINT, MI 48505",402,2009,,200,390.41,A,,,,,ARDMORE LOT 419,,,,0,,,,,,
4636411013,"0 E MYRTLE AVE
FLINT, MI 48505",402,2009,,100,388.35,A,,,,,DEWEY HOMESTEAD ADDITION WLY 1/2 OF LOT 151,,,,0,,,,Bundle-Occupied/Sell,,
4730462032,"0 E PIERSON RD
FLINT, MI 48505",202,2013,,200,448.51,A,,,,,OAK KNOLL NO. 1. LOT 535 EXC WLY 22 FT; ALSO EXC SLY 10 FT OF ELY 18 FT.,,,,0,,,,,,
4002426003,"1001 W DAYTON ST
FLINT, MI 48504",401,2015,,6700,0,A,,,01/08/2026,1919,"MODERN HOUSING CORPORATION ADDITION LOT 14, BLK 27.",,,5000,0,,,Reviewing Offers,,,
4730129024,"1005 E YORK AVE
FLINT, MI 48505",401,2019,No,5700,1895.68,A,,,01/17/2025,1923,BELLEVIEW LOT 445,,,7000,0,,,Re-R4R,,,
4730129025,"1009 E YORK AVE
FLINT, MI 48505",402,2010,,8900,2922.13,A,,,,,BELLEVIEW LOT 444,,,,0,,,,Vacant Lot,,
4002226002,"1009 W PASADENA AVE
FLINT, MI 48504",402,2003,,19000,6309.12,B,,,,1946,RAY MEADOWS LOT 207.,,,,1050000,,,,,,
4118307008,"1017 OAK ST
FLINT, MI 48503",401,2022,No,9500,6405.15,A,,5/17 & 5/18,05/24/2025,1900,"FENTON & BISHOP'S WESTERLY ADDITION N 35FT OF S 36 FT OF W 5 RDS OF LOT 5, BLK 9",x,05/30/2023,4500,0,,,Reviewing Offers,,,
4730183009,"1034 E AUSTIN AVE
FLINT, MI 48505",401,2015,No,4100,0,A,,11/10/2022,,1919,ROSEMONT LOT 212,x,11/21/2022,2500,0,,,Re-R4R,,,
4636129023,"105 W PHILADELPHIA BLV
FLINT, MI 48505",401,2019,No,9000,6862.62,A,,11/22/2023,,1952,"BOULEVARD HEIGHTS LOT 1, BLK 11",x,12/04/2023,2500,0,,,Re-R4R,,,
4731129015,"1054 LOMITA AVE
FLINT, MI 48505",401,2016,,1600,1538.59,A,,,,1924,CLOVERDALE LOT 134.,,,3500,0,,,Needs Pictures,,,
4625333002,"106 SHERMAN AVE
FLINT, MI 48505-2702",401,2024,No,,2431.39,A,,,07/19/2025,1952,SUBURBAN GARDENS LOT 672,,,7000,,,,Re-R4R,,,
4730129035,"1069 E YORK AVE
FLINT, MI 48505",401,2019,No,3600,2702.53,A,,,,1959,BELLEVIEW LOT 429,,,2500,0,,,Re-R4R,,,
1118551257,"1074 TERRY AVE
MOUNT MORRIS, MI 48458-2568",401,2024,No,,2489.49,A,,,10/18/2025,1935,LOT 481 ELM CREST,,,8000,,,,Reviewing Offers,,,
1118551256,"1078 TERRY AVE
MOUNT MORRIS, MI 48458",402,2010,,1000,2411.43,A,,,,,LOT 480 ELM CREST,,,,0,,,,Vacant Lot,,
4625331001,"110 E HOBSON AVE
FLINT, MI 48505",401,2023,,,2440.52,A,GN-1,,11/28/2024,1947,"SUBURBAN GARDENS LOTS 373, 374 AND 375",,,12000,,,,Re-R4R,,,
4625185003,"110 E RUSSELL AVE
FLINT, MI 48505",401,2015,,3400,0,A,,06/01/2023,03/07/2026,1954,ROBINWOOD LOT 73.,x,06/12/2023,2500,0,,,Scheduled,,,
4730462038,"1109 E PIERSON RD
FLINT, MI 48505",401,2019,No,3700,6550.54,A,,12/03/2021,,1924,OAK KNOLL NO. 1 LOTS 532 AND 533 EXC SLY 10.0 FT,x,12/14/2021,3500,0,,,Re-R4R,,,
4024278007,"1109 REMINGTON AVE
FLINT, MI 48507",401,2025,,,3257.27,A,,,,1937,,,,17000,,,,Needs Pictures,,,
4636127026,"111 W PULASKI ST
FLINT, MI 48505-3368",401,2024,No,,3443.2,A,,,04/04/2025,1953,"BOULEVARD HEIGHTS LOT 60, BLK 13",,,6000,,,,Re-R4R,,,
4010282007,"1116  FULSOM ST
FLINT, MI 48504",401,2021,No,5800,4606.27,A,,09/06/2023,09/25/2025,1926,CIVIC MANOR NO. 1 LOT 702,,09/18/2023,2500,0,,,Re-R4R,,,
4636403006,"112 E MOORE ST
FLINT, MI 48505",401,2015,,10500,0,A,,11/02/2023,,1922,DEWEY HOMESTEAD ADDITION LOT 296.,x,11/13/2023,2000,0,,,Re-R4R,,,
4010282006,"1120 FULSOM ST
FLINT, MI 48504",402,2013,,3600,1834.98,A,,09/06/2023,,1928,CIVIC MANOR NO. 1 LOT 703,x,09/18/2023,3000,0,,,,,,
1424576148,"1127 TREMONT AVE
FLINT, MI 48505-1446",401,2024,No,,2663.44,A,,,04/26/2025,1940,LOT 231 CRESTLINE SEC 24 T8N R6E,,,7000,,,,Re-R4R,,,
4730412009,"1128 SHERMAN AVE
FLINT, MI 48505",401,2015,No,4400,0,A,,10/11/2023,03/28/2025,1961,FISHER PARK LOT 233,x,10/23/2023,3000,0,,,Re-R4R,,,
4119434015,"113 E LAKEVIEW AVE
FLINT, MI 48503",402,2015,,4900,0,A,,,,,COLLINGWOOD LOT 202,,,,0,,,,Vacant Lot,,
4001177015,"113 W DARTMOUTH ST
FLINT, MI 48505",401,2014,No,10100,4476.86,A,,05/03/2023,10/31/2024,1920,STONE-MACDONALD-KAUFMANN WESTERN ADDITION LOT 64,x,05/15/2023,2000,0,,,Reviewing Offer,,,
4731203008,"1130 LOMITA AVE
FLINT, MI 48505",401,2019,No,4100,2018.5,A,,05/19/2022,01/23/2025,1925,CLOVERDALE LOT 149,x,05/31/2022,2500,0,,,Re-R4R,,,
4625185004,"114 E RUSSELL AVE
FLINT, MI 48505",402,2008,,8400,2072.84,A,,06/01/2023,,1954,ROBINWOOD LOT 72.,x,06/12/2023,2500,0,,,,,,
4119434016,"115 E LAKEVIEW AVE
FLINT, MI 48503-4152",401,2024,No,550,2542.03,A,,,,1920,COLLINGWOOD LOT 201,,,6000,0,,,Needs Pictures,,,
4636202033,"115 E MARENGO AVE
FLINT, MI 48505",401,2018,No,6900,1630.71,A,,03/24/2023,,1947,"BOULEVARD HEIGHTS LOT 27, BLK 7.",x,04/03/2023,2500,0,,,Re-R4R,,,
4010279024,"1159 DONALDSON ST
FLINT, MI 48504",401,2019,No,6300,3147.06,A,,12/01/2022,01/09/2026,1955,CIVIC MANOR NO. 1 LOT 643,x,12/12/2022,2500,0,,,Reviewing Offers,,,
4119437004,"116 E LAKEVIEW AVE
FLINT, MI 48503",401,2017,No,6200,2617.82,A,,,,1940,COLLINGWOOD LOT 207,,,5000,0,,,Needs Pictures,,,
1119552134,"1162 E CHARLES AVE
FLINT, MI 48505",401,2025,,4100,1906.07,A,,,,,W 75 FT OF LOT 121 LYNCROFT,,,9000,0,,,Needs Pictures,,,
4625176013,"117 W FOSS AVE
FLINT, MI 48505-2003",401,2024,No,,2233.6,A,,,07/18/2025,1956,ARDMORE LOT 636,,,8000,,,,Re-R4R,,,
1424552121,"1172 N CORNELL AVE
FLINT, MI 48505",401,2021,No,5000,1916.74,A,,04/12/2022,11/15/2025,,LOT 572 NORTHGATE HEIGHTS,x,04/26/2022,3000,0,,,Reviewing Offers,,,
4730208028,"1175 E HOLBROOK AVE
FLINT, MI 48505",401,2015,No,2800,0,A,,09/01/2022,01/24/2025,1955,BELLEVIEW LOTS 807 AND 808,x,09/12/2022,2500,0,,,Re-R4R,,,
4730252022,"1175 E LORADO AVE
FLINT, MI 48505",401,2022,No,4900,2212.29,C,,11/16/2023,,1955,ROSEMONT LOT 584,x,11/27/2023,3500,0,,,Re-R4R,,,
1424578032,"1189 W DOWNEY AVE
FLINT, MI 48505",401,2025,,,1773.23,A,,,,,,,,7000,,,,Needs Pictures,,,
4119280030,"120  OLIVER ST
FLINT, MI 48503",401,2021,No,9600,3299.06,A,,05/11/2022,01/30/2026,1930,PLAT OF GROVELAND - REPLAT OF LOT 111 OF OAKLAND. ELY 13.4 FT OF LOTS 3 AND 4 EXC SLY 43 FT; ALSO PARK A EXC SLY 43 FT.,,05/23/2022,3500,0,,,Reviewing Offers,,,
1118551086,"1203 MORRIS HILLS PKWY
MOUNT MORRIS, MI 48458",401,2022,No,2700,3330.4,A,,07/20/2023,04/05/2025,,LOT 172 ELM CREST,x,07/31/2023,5000,0,,,Hold,,,
4013403047,"1219 W SECOND ST
FLINT, MI 48503",402,2014,,200,858.74,B,,03/11/2022,,,"WEST FLINT PART OF LOTS 2 AND 4 DESC AS: BEG AT A PT ON SLY LINE OF W SECOND ST. 53 FT ELY FROM SELY COR OF HAZELTON ST AND SECOND ST; TH ELY ALG SLY LINE OF SECOND ST, 46 FT; TH SLY = WITH ELY LINE OF HAZELTON ST, 82.5 FT; TH WLY = WITH SLY LINE OF SECOND ST, 46 FT; TH NLY = TO HAZELTON ST, 82.5 FT TO POB, BLK 6",x,03/22/2022,1500,0,,,,Lease a Lot,,
4024478025,"1226 LINCOLN AVE
FLINT, MI 48507",401,2023,,,11798.41,A,TN-2,,08/02/2025,1919,LINCOLN PARK SUBDIVISION LOT 161,,,6600,,,,Re-R4R,,,
4119437006,"124 E LAKEVIEW AVE
FLINT, MI 48503",401,2019,No,5600,2204.38,A,,08/23/2023,03/07/2026,1920,COLLINGWOOD LOT 209.,x,09/05/2023,3500,0,,,Scheduled,,,
4106478023,"1241 E HAMILTON AVE
FLINT, MI 48506",401,2018,No,11800,2942.71,A,,12/01/2023,01/22/2026,1911,"RIVERSIDE LOT 8, BLK 2",x,12/11/2023,4500,0,,,Reviewing Offers,,,
1413576018,"1276 W COLDWATER RD
FLINT, MI 48505-4815",401,2024,No,550,3610.54,A,,,10/16/2025,1956,Property exempt from Ad Valorem taxes and assessed on the Special Act Roll      pursuant to PA 261 of 2003 expiring 12/31/2019.  LOT 18 ARLINGTON MANOR SEC 13  T8N R6E,,,9000,0,,,Hold,,,
1413552020,"1296 FLAMINGO DR
MOUNT MORRIS, MI 48458",401,2022,No,9600,3367.67,A,,,07/03/2025,1958,LOT 273 ARLINGTON MANOR NO 3 SEC 13 T8N R6E,,,5500,0,,,Hold,,,
4002253005,"1301 W DARTMOUTH ST
FLINT, MI 48504",401,2015,,6700,0,A,,,01/15/2026,1919,"MODERN HOUSING CORPORATION ADDITION. LOT 5, BLK 8 AND THAT PART OF LOT 38 BOUNDED BY THE C/L OF SD LOT 38 AND BY THE SIDE LINES OF SD LOT 5 PRODUCED.",,,3500,0,,,Re-R4R,Demo-Not Funded,,
1424553015,"1305 W PRINCETON AVE
FLINT, MI 48505",401,2019,No,4500,2331.83,A,,06/15/2022,11/21/2025,,LOT 832 NORTHGATE HEIGHTS,,06/27/2022,1500,0,,,Reviewing Offers,,,
4108138012,"1306 CRONK AVE
FLINT, MI 48506",401,2016,,7800,10196.13,A,,11/01/2023,02/14/2026,1952,KEARSLEY PARK NUMBER ONE LOT 608,x,11/13/2023,1500,0,,,Reviewing Offers,,,
4108138011,"1310 CRONK AVE
FLINT, MI 48506",402,2014,,8500,3020.33,A,,,,1931,KEARSLEY PARK NUMBER ONE LOT 607,,,,0,,,Reviewing Offer,,,
4023109016,"1310 STOCKER AVE
FLINT, MI 48503",401,2025,,,3300.64,A,,,,1916,,,,,,,,Needs Pictures,,,
4119478008,"132 E LIVINGSTON DR
FLINT, MI 48503",401,2017,No,5000,2084.61,A,,12/01/2022,02/05/2026,0,WAGNER PARK LOT 9,x,12/12/2022,3500,0,,,Reviewing Offers,,,
4636411011,"132 E MYRTLE AVE
FLINT, MI 48505",401,2019,No,5500,1735.94,A,,,11/08/2025,1927,DEWEY HOMESTEAD ADDITION. LOT 149.,,,3500,0,,,Reviewing Offers,,,
4636251026,"133 E FLINT PARK BLVD
FLINT, MI 48505",401,2015,,4600,0,A,,07/26/2023,,1929,FLINT PARK ALLOTMENT LOT 466.,x,08/07/2023,2500,0,,,Re-R4R,,,
4001181012,"133 W BAKER ST
FLINT, MI 48505-4137",401,2024,No,,1590.01,A,,,07/11/2025,1920,STONE-MACDONALD-KAUFMANN CENTRAL ADDITION W 40 FT OF LOT 101,heavy,,9000,,,,Re-R4R,,,
4636251027,"137 E FLINT PARK BLVD
FLINT, MI 48505",402,2011,,4400,3050.22,A,,07/26/2023,,1950,FLINT PARK ALLOTMENT LOT 465,x,08/07/2023,2500,0,,,,,,
4119278034,"137 E OAKLEY ST
FLINT, MI 48503",401,2016,No,5900,3497.11,A,,10/27/2022,01/29/2026,1900,OAKLAND LOT 58 AND W 15 FT OF LOT 59.,x,11/07/2022,1500,0,,,Reviewing Offers,,,
4023108020,"1402 MANN AVE
FLINT, MI 48503-6700",401,2024,No,,3178.8,A,,,11/14/2025,1920,CHEVROLET SUBDIVISION LOT 468,,,9000,,Yes,P,Reviewing Offers,,,
4002132033,"1402 W DARTMOUTH ST
FLINT, MI 48504",401,2015,,5400,0,A,,,10/23/2025,1919,"MODERN HOUSING CORPORATION ADDITION LOT 17 AND E 55 FT OF LOT 18, BLK 6",,,5000,0,,,Hold,,,
4002454019,"1402 WELCH BLVD
FLINT, MI 48504",401,2022,No,14200,7975.6,A,,,12/19/2025,1928,"MODERN HOUSING CORPORATION ADDITION NO. 4 LOT 11, BLK 120",,,8000,0,,,Reviewing Offers,Demo - Garage Only,,
4636253010,"142 E FLINT PARK BLVD
FLINT, MI 48505",401,2015,,4500,0,A,,07/21/2023,,0,FLINT PARK ALLOTMENT LOT 447.,x,07/31/2023,2500,0,,,Re-R4R,,,
4636203042,"143 E PHILADELPHIA BLV
FLINT, MI 48505",402,2014,,7400,2848.1,A,,02/22/2023,,1947,"BOULEVARD HEIGHTS LOT 20, BLK 8.",x,03/06/2023,4000,0,,,,,,
4105303011,"1442 NEW YORK AVE
FLINT, MI 48506",401,2017,No,4600,5508.5,A,,07/20/2023,02/12/2026,1920,ADELAIDE LOT 11,x,07/31/2023,1500,0,,,Reviewing Offers,,,
4105301032,"1453 NEW YORK AVE
FLINT, MI 48506",402,2012,,,537.4,A,,,,,ADELAIDE LOT 17,,,,0,,,,Bundle-Occupied/Sell,,
4636203043,"147 E PHILADELPHIA BLV
FLINT, MI 48505",401,2019,No,7500,3140.59,A,,02/22/2023,,1952,"BOULEVARD HEIGHTS LOT 19, BLK 8",x,03/06/2023,4000,0,,,Re-R4R,,,
1424577118,"1491 W JULIAH AVE
FLINT, MI 48505-1133",401,2024,No,,2184.23,A,,,03/20/2025,1950,LOT 616 CRESTLINE SEC 24 T8N R6E,,,10000,,,,Re-R4R,,,
4636451006,"150 EDMUND ST
FLINT, MI 48505",401,2018,No,4700,1479.87,A,,,06/21/2025,1929,DEWEY HOMESTEAD ADDITION LOT 122,,,4500,0,,,Re-R4R,,,
4002177038,"1517 W DARTMOUTH ST
FLINT, MI 48504",402,2011,,8600,1920.58,A,,07/14/2022,,1919,"MODERN HOUSING CORPORATION ADDITION LOT 10; ALSO WLY 40 FT OF NLY 8 FT OF ELY 335 FT OF LOT 35, BLK 7",x,07/25/2022,1500,0,,,,,,
4002177008,"1525 W DARTMOUTH ST
FLINT, MI 48504",402,2009,,9200,2246.58,A,,,,,"MODERN HOUSING CORPORATION ADDITION LOT 8 AND E 40 FT OF W 335.2 FT OF N 1/2 OF LOT 35, BLK 7",,,,0,Yes,P,Pending,Vacant Lot,,
4002177007,"1529 W DARTMOUTH ST
FLINT, MI 48504",401,2019,No,5000,8019.89,A,,07/14/2022,01/16/2026,1919,"MODERN HOUSING CORPORATION ADDITION LOT 7 AND E 40 FT OF W 295.2 FT OF N 1/2 OF LOT 35, BLK 7",x,07/25/2022,1500,0,Yes,P,Reviewing Offers,,,
4108106032,"1541 WISCONSIN AVE
FLINT, MI 48506",401,2018,No,8100,3104.9,A,,03/17/2023,,1919,"KEARSLEY PARK SUBDIVISION OF PART OF SECS. 7 & 8, T7N, R7E. LOT 296.",x,03/27/2023,2500,0,,,Reviewing Offers,,,
4105380044,"1605 BROADWAY BLVD
FLINT, MI 48506",401,2018,No,4600,2287.08,A,,,,1925,EASTERN ADDITION TO HOMEDALE LOT 449 EXC WLY 5.0 FT,,,5000,0,,,Needs Pictures,,,
4108128003,"1606 INDIANA AVE
FLINT, MI 48506",401,2015,,6100,0,A,,03/10/2023,,1926,"KEARSLEY PARK SUBDIVISION OF PART OF SECS. 7 & 8, T7N, R7E. EAST 30 FT OF LOT 146 AND WEST 5 FT OF LOT 147.",x,03/20/2023,3000,0,,,Reviewing Offers,,,
4011429018,"1615 N STEVENSON ST
FLINT, MI 48504",402,2012,,10200,4225.95,A,,,,,CHEVROLET PARK LOT 172,,,,0,,,,Vacant Lot,,
4012103016,"1615 PONTIAC ST
FLINT, MI 48503-5146",401,2024,No,550,2880.61,A,,,,1928,INDIAN VILLAGE LOT 77,medium,,8000,0,,,Needs Pictures,,,
4011429017,"1617 N STEVENSON ST
FLINT, MI 48504",401,2019,No,6100,3147.06,A,,,01/15/2026,1929,CHEVROLET PARK LOT 173,,,4000,0,,,Reviewing Offers,Demo-Not Funded,,
4105132025,"1629 MONTANA AVE
FLINT, MI 48506",402,2014,,5400,9552.16,A,,,,,MOTOR HEIGHTS SECOND SUBDIVISION LOT 102.,,,,0,,,,Vacant Lot,,
4105326026,"1633 NEW YORK AVE
FLINT, MI 48506",401,2016,,4400,2074.44,A,,03/15/2023,02/01/2025,1920,EASTERN ADDITION TO HOMEDALE. LOT 75.,x,03/27/2023,1500,0,,,Re-R4R,,,
4002126016,"1709 W PASADENA AVE
FLINT, MI 48504",402,2010,,400,452.26,C,,11/18/2022,,,ASSESSOR'S PLAT OF ARGONNE AND CHATEAU SUBDIVISIONS LOT 16.,x,11/28/2022,5000,0,,,,,,
4108185005,"1718 KANSAS AVE
FLINT, MI 48506",401,2017,No,6900,2770.93,A,,01/05/2024,09/20/2024,1928,"KEARSLEY PARK SUBDIVISION OF PART OF SECS. 7 & 8, T7N, R7E. LOT 597",x,01/16/2024,1500,0,,,Re-R4R,,,
4011279053,"1724 MACKIN RD
FLINT, MI 48504",402,2010,,16900,5162.42,A,,,,1929,"MODERN HOUSING CORPORATION ADDITION NO. 8 LOT 21 EXC THE ELY 33 FT; ALSO THE ELY 8 FT OF LOT 22, BLK 218",,,,0,,,,Vacant Lot,,
4105177029,"1729 OKLAHOMA AVE
FLINT, MI 48506",402,2012,,4600,2214.84,A,,02/01/2023,,1921,MOTOR HEIGHTS SECOND SUBDIVISION LOT 246,x,02/13/2023,4500,0,,,,,,
4118384020,"1732 S GRAND TRAVERSE
FLINT, MI 48503",402,2005,No,300,360.9,C,,01/20/2023,,1905,LASALLE GARDENS SUBDIVISION. LOT 20.,x,01/30/2023,2500,,,,,,,
4108132011,"1736 ILLINOIS AVE
FLINT, MI 48506",201,2009,,3400,2012.88,A,,11/01/2023,,,"FRANKLIN PARK LOTS 11, 12 AND N 1/2 OF LOT 13",x,11/13/2023,1500,0,,,,Sell,,
4118384021,"1736 S GRAND TRAVERSE
FLINT, MI 48503",402,2011,,4500,1213.37,A,,01/20/2023,,1920,LASALLE GARDENS SUBDIVISION LOT 19,x,01/30/2023,2500,0,,,,,,
4108183031,"1801 KANSAS AVE
FLINT, MI 48506",401,2019,No,6600,3731.42,A,,12/01/2023,02/19/2026,1920,KEARSLEY PARK #1 LOT 778 AND E 7 FT OF LOT 779,x,12/11/2023,1500,0,,,Reviewing Offers,,,
4635127037,"1806 ROSELAWN DR
FLINT, MI 48504",401,2018,No,9300,3578.92,A,,07/28/2022,11/15/2024,1954,MANLEY VILLAGE LOT 187,x,08/08/2022,4000,0,,,Re-R4R,,,
4001457018,"1809 ADAMS AVE
FLINT, MI 48505",401,2025,,,3095.02,A,,,,1915,,,,,,,,Needs Pictures,,,
4108183014,"1810 NEBRASKA AVE
FLINT, MI 48506",402,2014,,8800,3098.54,A,,,,1923,KEARSLEY PARK NUMBER ONE LOT 737,,,,0,,,,Vacant Lot,,
4635383035,"1810 W PASADENA AVE
FLINT, MI 48504",401,2019,No,9000,12656.61,A,,01/18/2024,,1950,WOODWARD SQUARE LOT 11,,01/29/2024,5000,0,,,Re-R4R,,,
4108179032,"1813 KENTUCKY AVE
FLINT, MI 48506",401,2015,No,4700,0,A,,12/15/2023,03/27/2025,1920,KEARSLEY PARK NUMBER ONE LOT 681,x,12/27/2023,1500,0,,,Re-R4R,Demo-Not Funded,,
4108183015,"1814 NEBRASKA AVE
FLINT, MI 48506",401,2022,No,12900,6260.13,A,,,02/19/2026,1925,KEARSLEY PARK NUMBER ONE LOT 738,x,,5500,0,,,,,,
4108179033,"1819 KENTUCKY AVE
FLINT, MI 48506",402,2017,,300,970.51,A,,12/15/2023,,,KEARSLEY PARK NUMBER ONE LOT 680.,x,12/27/2023,1500,0,,,,,,
4635382039,"1902 W PASADENA AVE
FLINT, MI 48504",401,2013,No,7300,5451.78,A,,01/03/2024,,1923,WOODWARD SQUARE. LOT 14; ALSO LOT 15 EXC WLY 15 FT.,x,01/16/2024,1500,0,,,Re-R4R,,,
4011281018,"1909 PROSPECT ST
FLINT, MI 48504",401,2025,,,2803.16,A,,,,1930,,,,,,,,Needs Pictures,,,
4732455007,"1912 MARSHALL ST
FLINT, MI 48506",401,2022,No,9700,3274.27,A,,,,1925,PLAT OF BELLAIRE LOT 114,,,8000,0,,,Re-R4R,Bundle-Occupied/Sell,,
4732455008,"1914 MARSHALL ST
FLINT, MI 48506",402,2015,No,8500,0,A,,,,1928,PLAT OF BELLAIRE LOT 115.,,,,0,,,,Vacant Lot,,
4002479020,"1920 MT ELLIOTT AVE
FLINT, MI 48504",402,2014,,6300,1893.63,A,,,,,"MODERN HOUSING CORPORATION ADDITION LOT 2, BLK 31",,,,0,,,,Vacant Lot,,
4108257008,"1926 KANSAS AVE
FLINT, MI 48506",401,2022,No,6600,2502.61,A,,,01/17/2026,1920,KEARSLEY PARK NUMBER ONE LOT 794,,,7000,0,,,Reviewing Offers,Bundle-Occupied/Sell,,
4002479019,"2002 MT ELLIOTT AVE
FLINT, MI 48504",401,2017,No,7400,2286.33,A,,,01/09/2026,1919,"MODERN HOUSING CORPORATION ADDITION LOT 3, BLK 31",,,4000,0,,,Reviewing Offers,,,
4108253008,"2006 KENTUCKY AVE
FLINT, MI 48506",401,2022,No,6900,1915.52,A,,,06/12/2025,1929,KEARSLEY PARK NUMBER ONE LOT 702,,,3000,0,,,Re-R4R,Bundle-Occupied/Sell,,
4011430006,"2009 BERKLEY ST
FLINT, MI 48504",401,2025,,,2717.67,A,,,,1927,,,,,,,,Needs Pictures,,,
4105257024,"2009 MARYLAND AVE
FLINT, MI 48506",401,2016,No,4700,2127.43,A,,03/23/2023,01/31/2025,1926,COLUMBIA HEIGHTS LOT 50,x,04/03/2023,2000,0,,,Re-R4R,,,
4001177009,"201 W DARTMOUTH ST
FLINT, MI 48505",401,2025,,,3184.54,A,,,,1920,,,,,,,,Needs Pictures,,,
4636129018,"201 W PHILADELPHIA BLV
FLINT, MI 48505",401,2015,No,6800,0,A,,02/07/2024,,1950,"BOULEVARD HEIGHTS PART OF LOTS 8 AND 9 DESC AS: BEG AT NW COR OF LOT 9; TH ELY ALONG SLY LINE OF PHILADELPHIA BLVD 60 FT; TH SLY = TO WLY LINE OF LOT 8, 93.53 FT TH WLY TO A PT IN WLY LINE OF LOT 9, 94.35 FT SLY FROM POB; TH NLY TO POB, EXC WLY 15 FT, BLK 11.",x,02/19/2024,2000,0,,,Re-R4R,,,
4116378015,"2011 GILMARTIN ST
FLINT, MI 48503",401,2023,,,2581.86,A,TN-2,,10/17/2025,1955,EVERGREEN PARK REPLAT LOT 22,x,,7000,,,,Reviewing Offers,,,
4108253010,"2014 KENTUCKY AVE
FLINT, MI 48506",401,2016,No,8400,3255.66,A,,10/21/2022,10/26/2024,1927,KEARSLEY PARK NUMBER ONE LOT 704,x,10/31/2022,2000,0,,,Re-R4R,,,
4117378025,"2030 WINANS AVE
FLINT, MI 48503",401,2023,,,3375.22,A,TN-2,,,1962,LUCY-MASON-HOWARD PLAT LOT 55,x,,7000,,,,Re-R4R,,,
4636129017,"207 W PHILADELPHIA BLV
FLINT, MI 48505",402,2011,,14100,2952.21,A,,02/07/2024,,1950,"BOULEVARD HEIGHTS ELY 35 FT OF LOT 10; ALSO PART OF LOT 9 DESC AS BEG AT NW COR OF SD LOT 9; TH ELY ALG NLY LINE OF SD LOT, 15 FT; TH SLY = WITH WLY LINE OF SD LOT, 94.15 FT; TH WLY TO A PT IN SD WLY LINE 94.35 FT SLY FROM POB; TH NLY TO POB, BLK 11",x,02/19/2024,2000,0,,,,,,
4001258014,"208 E RANKIN ST
FLINT, MI 48505",401,2021,No,5400,4946.95,A,,,10/16/2025,1920,STONE-MACDONALD-KAUFMAN CENTRAL ADDITION LOT 49,,,8000,0,,,Reviewing Offers,Bundle-Occupied/Sell,,
4636407017,"209  DAMON ST
FLINT, MI 48505",401,2021,No,7100,4561.54,A,,04/28/2022,01/09/2025,1952,DEWEY HOMESTEAD ADDITION LOT 268,x,05/09/2022,1500,0,,,Re-R4R,,,
4636254018,"209 E ELDRIDGE AVE
FLINT, MI 48505",401,2018,No,5800,9926.97,A,,11/15/2023,,1923,FLINT PARK ALLOTMENT LOT 314,x,11/27/2023,1500,0,,,Re-R4R,,,
4002477011,"2102 MILBOURNE AVE
FLINT, MI 48504-7273",401,2024,Unsure,,3314.18,A,,,04/03/2025,1917,"CIVIC PARK LOT 6, BLK 71",,,5000,,,,Re-R4R,,,
4105257029,"2105 MARYLAND AVE
FLINT, MI 48506",401,2014,,5400,2218.74,A,,12/06/2023,02/12/2026,1925,COLUMBIA HEIGHTS. LOT 45.,x,12/18/2023,1500,0,,,Reviewing Offers,,,
4014484021,"2107 CORUNNA RD
FLINT, MI 48503",401,2025,,10800,5516.34,A,,,,1923,GRANT HEIGHTS LOT 188,,,,0,,,Needs Pictures,,,
4635177009,"2111 SANTA BARBARA DR
FLINT, MI 48504",401,2019,No,10100,5328.18,A,,02/22/2023,09/05/2025,1957,MANLEY VILLAGE NO. 3 LOT 588,x,03/06/2023,4500,0,,,Re-R4R,,,
4120126011,"2114 AITKEN AVE
FLINT, MI 48503",401,2018,No,6100,3943.32,A,,07/01/2022,03/07/2026,0,ELM PARK SUBDIVISION LOT 249.,x,07/11/2022,3500,0,,,Scheduled,,,
4635360015,"2114 W PASADENA AVE
FLINT, MI 48504",401,2021,No,5800,11637.43,A,,04/29/2022,09/27/2024,1952,WASENA SUBDIVISION LOT 6,x,05/09/2022,2500,0,,,Re-R4R,,,
4636407018,"213 DAMON ST
FLINT, MI 48505",402,2005,No,300,1341.44,C,,04/28/2022,,1928,DEWEY HOMESTEAD ADDITION LOT 270.,x,05/09/2022,1500,,Yes,P,Pending,,,
4625405021,"213 E HOBSON AVE
FLINT, MI 48505",402,2008,,200,2664.72,A,,06/15/2023,,,SUBURBAN GARDENS LOT 354,x,09/25/2023,3500,0,,,,,,
4001461015,"213 PAGE ST
FLINT, MI 48505",401,2015,,2900,0,A,,,12/11/2025,1909,PARK HEIGHTS ADDITION LOT 99.,,,4000,0,,,Reviewing Offers,,,
4625328005,"213 W PIPER AVE
FLINT, MI 48505",401,2019,No,3100,6692.94,A,,06/16/2022,11/08/2024,1929,WELLS-WALTER RE-PLAT OF LOTS 745-746-747-748-749-750-751-752-753 OF SUBURBAN GARDENS LOT 30,x,06/27/2022,2500,0,,,Re-R4R,,,
4625182024,"214 W RUSSELL AVE
FLINT, MI 48505",401,2022,No,3600,5643.76,A,,,02/06/2026,1956,ROBINWOOD LOT 100,,,3500,0,,,Reviewing Offers,,,
4625405023,"217 E HOBSON AVE
FLINT, MI 48505",401,2017,No,3700,4837.88,A,,06/15/2023,,1928,SUBURBAN GARDENS LOT 353,x,09/25/2023,3500,0,,,Re-R4R,,,
4625328004,"217 W PIPER AVE
FLINT, MI 48505",402,2010,,8700,1756.31,A,,06/16/2022,,0,"WELLS-WALTER RE-PLAT OF LOTS 745-746-747-748- 749-750-751-752-753 OF SUBURBAN GARDENS."""" LOT 29",x,06/27/2022,2500,0,,,,,,
4625409005,"218 E GRACELAWN AVE
FLINT, MI 48505",401,2017,No,3100,2884.58,A,,02/08/2024,,1952,SUBURBAN GARDENS LOT 541,x,02/19/2024,1000,0,,,Re-R4R,,,
4001461016,"219 PAGE ST
FLINT, MI 48505",402,2015,No,2400,0,A,,,,,PARK HEIGHTS ADDITION LOT 100,,,,0,,,,Vacant Lot,,
4625126028,"219 W BUNDY AVE
FLINT, MI 48505",401,2019,No,5500,2058.75,A,,,03/06/2026,1957,E. A. STAFFORD PLAT ELY 1/2 OF LOT 17,,,5500,0,,,Scheduled,,,
4635153033,"2206 CANNIFF ST
FLINT, MI 48504-5403",401,2024,No,550,20022.38,A,,,04/24/2025,1956,MANLEY VILLAGE NO. 2 LOT 405,,,15000,0,,,Re-R4R,,,
4119254002,"221 W TOBIAS ST
FLINT, MI 48503",401,2019,No,5900,1865.69,A,,09/01/2023,03/07/2026,1913,"DAWSON'S REPLAT OF PART OF LOTS 7, 9 AND 10, BLOCK 1 OF C.E. STEVEN'S PLAT OF OUTLOTS ON S 1/2 OF NE 1/4 OF SECTION 19, T7N, R7E, N 80 FT OF LOT 15",x,09/11/2023,2000,0,,,Reviewing Offers,,,
4105258004,"2214 DAKOTA AVE
FLINT, MI 48506",402,2014,,5100,1957.58,A,,11/02/2022,,0,COLUMBIA HEIGHTS LOT 77,x,11/14/2022,2000,0,,,,,,
4108215004,"2214 PENNSYLVANIA AVE
FLINT, MI 48506",401,2019,No,6500,6718.08,A,,07/15/2022,10/10/2025,1926,"LEESDALE LOT 8, BLK 25",x,07/25/2022,2500,0,,,,,,
4625409007,"222 E GRACELAWN AVE
FLINT, MI 48505",402,2013,,2000,2657.78,A,,02/08/2024,,1952,SUBURBAN GARDENS LOT 542.,x,02/19/2024,1000,0,,,,,,
4011252010,"2221 CLEMENT ST
FLINT, MI 48504",401,2016,No,6800,3756.5,A,,,01/10/2026,1928,"MODERN HOUSING CORPORATION ADDITION NO. 7 LOT 9, BLK 206",,,5000,0,,,Reviewing Offers,,,
4105477010,"2230  LEVERN ST
FLINT, MI 48506",401,2021,No,4700,8110.34,A,,04/22/2022,02/13/2026,1953,"BEECHWOOD PARK LOT 18, BLK 21",x,05/03/2022,2500,0,,,Reviewing Offers,,,
4625401008,"225 E PIPER AVE
FLINT, MI 48505",401,2012,,5000,2781.75,A,,,,1956,SUBURBAN GARDENS LOT 53,,,3500,0,,,Hold,,,
4001179002,"225 W TAYLOR ST
FLINT, MI 48505",401,2025,,8400,4898.85,A,,,,1935,STONE-MACDONALD-KAUFMANN CENTRAL ADDITION E 1/2 OF LOTS 144 AND 143,,,,0,,,Needs Pictures,,,
4625207008,"226 E HOLBROOK AVE
FLINT, MI 48505",401,2010,No,10200,2563.94,B,,,02/08/2026,1947,ARDMORE LOT 432,,,6000,0,,,Reviewing Offers,,,
4002403023,"2302 DELMAR AVE
FLINT, MI 48504",401,2017,No,5700,7472.33,A,,,10/30/2025,1919,"MODERN HOUSING CORPORATION ADDITION LOT 14 AND S 55 FT OF W 1/2 OF LOT 28, BLK 22.",,,6000,0,,,Reviewing Offers,,,
4105477009,"2302 LEVERN ST
FLINT, MI 48506",402,2014,,5400,2960.3,A,,,,1925,"BEECHWOOD PARK LOT 17, BLK 21",,,,0,,,,Vacant Lot,,
4105411016,"2305 BURNS ST
FLINT, MI 48506",401,2016,No,6300,3715.79,A,,,,1948,"BEECHWOOD PARK LOT 7, BLK 8",,,5000,0,,,Needs Pictures,,,
4105407036,"2309 ARLINGTON AVE
FLINT, MI 48506",401,2018,No,5200,4739.36,A,,01/04/2024,02/13/2026,1916,ARLINGTON PLACE LOT 122,x,01/16/2024,1500,0,,,Reviewing Offers,,,
4002427005,"2312 MILBOURNE AVE
FLINT, MI 48504",401,2013,No,6300,2905.02,A,,,01/08/2026,1917,"CIVIC PARK LOT 9, BLK 66",,10/10/2022,7000,0,,,Reviewing Offers,,,
4002405011,"2318 LAWNDALE AVE
FLINT, MI 48504",401,2017,No,6200,2398.79,A,,07/06/2023,09/12/2025,1919,"MODERN HOUSING CORPORATION ADDITION LOT 26 AND N 40 FT OF S 510 FT OF W 1/2 OF LOT 43, BLK 26.",x,07/17/2023,1000,0,,,Reviewing Offers,,,
4002402010,"2326 HUMBOLDT AVE
FLINT, MI 48504",401,2014,,10700,10111.77,A,,,12/19/2025,1919,"MODERN HOUSING CORPORATION ADDITION LOT 21 AND S 40 FT OF N 320 FT OF W 1/2 OF LOT 31, BLK 21.",,,6000,0,,,Reviewing Offers,,,
4002402024,"2329 DELMAR AVE
FLINT, MI 48504",401,2013,,4200,6541.87,A,,,,1919,"MODERN HOUSING CORPORATION ADDITION LOT 7 AND S 40 FT OF N 280 FT OF E 1/2 OF LOT 31, BLK 21.",,,4000,0,,,Needs Pictures,,,
4002402009,"2330 HUMBOLDT AVE
FLINT, MI 48504",402,2010,,300,430.86,C,,,,,"MODERN HOUSING CORPORATION ADDITION LOT 22 AND S 40 FT OF N 280 FT OF W 1/2 OF LOT 31, BLK 21.",,,,0,,,,Vacant Lot,,
4105454017,"2332 BENNETT AVE
FLINT, MI 48506",402,2014,,5800,2525.06,A,,,,,"BEECHWOOD PARK LOT 4, BLK 11.",,,,0,,,,Vacant Lot,,
4625405028,"237 E HOBSON AVE
FLINT, MI 48505",401,2018,No,2300,1427.33,A,,06/02/2023,,1929,SUBURBAN GARDENS LOT 348,x,06/12/2023,2500,0,,,Re-R4R,,,
4105283001,"2402 DAKOTA AVE
FLINT, MI 48506",402,2015,No,3500,0,A,,,,,THE HILLS-MACPHERSON PLAT LOT 29,,,,0,,,,,,
4105283002,"2406 DAKOTA AVE
FLINT, MI 48506",401,2025,,8100,4527.48,A,,,,0,THE HILLS-MACPHERSON PLAT LOT 30,,,8000,0,,,Needs Pictures,,,
4002403036,"2414 DELMAR AVE
FLINT, MI 48504",401,2018,No,6700,2955.03,A,,,,1919,MODERN HOUSING CORPORATION ADDITION. LOT 1; ALSO NLY 40 FT OF WLY 1/2 OF LOT 28; ALSO SLY 1/2 OF WLY 1/2 OF LOT 27. BLK 22.,,,5500,0,,,Hold,,,
4011406026,"2414 SLOAN ST
FLINT, MI 48504",402,2015,,7000,0,A,,,,,"MODERN HOUSING CORPORATION ADDITION NUMBER 5. LOT 40, BLK 141.",,,,0,,,,Vacant Lot,,
4002401003,"2422 BASSETT PL
FLINT, MI 48504",401,2023,,,3141.23,A,GN-2,,,1928,"MODERN HOUSING CORPORATION ADDITION NUMBER 4 LOT 3, BLK 96.",,,5000,,,,Hold,,,
4011203026,"2424 CONCORD ST
FLINT, MI 48504",401,2019,No,7200,3105.02,A,,11/04/2022,03/05/2026,1927,"MODERN HOUSING CORPORATION ADDITION NO. 7 LOT 18, BLK 195",x,11/14/2022,2200,0,,,Scheduled,,,
4105431016,"2426 HOFF ST
FLINT, MI 48506",401,2019,No,4800,5680.15,A,,12/06/2023,10/02/2025,1950,"BEECHWOOD PARK LOT 36, BLK 23",x,12/18/2023,1500,0,,,Re-R4R,,,
4011203025,"2428 CONCORD ST
FLINT, MI 48504",402,2016,,8000,3235.98,A,,11/04/2022,,1928,"MODERN HOUSING CORPORATION ADDITION NO. 7 LOT 19, BLK 195",x,11/14/2022,2200,0,Yes,P,Pending,,,
4625407011,"246 E HOBSON AVE
FLINT, MI 48505",402,2005,No,200,1679.18,C,,06/23/2023,,1948,SUBURBAN GARDENS LOT 399.,x,07/03/2023,2500,,,,,,,
4625407012,"250 E HOBSON AVE
FLINT, MI 48505",401,2021,No,4400,5335.69,A,,06/23/2023,,1925,SUBURBAN GARDENS LOT 400,x,07/03/2023,2500,0,,,Re-R4R,,,
4011251025,"2502 MACKIN RD
FLINT, MI 48504",402,2011,,13900,3231.67,A,,01/25/2023,,1928,"MODERN HOUSING CORPORATION ADDITION NO. 7 LOT 24, BLK 208",x,02/06/2023,5000,0,,,,,,
4105276012,"2502 THOM ST
FLINT, MI 48506-2892",401,2024,No,550,1521.35,A,,,01/16/2026,1936,THE HILLS-MACPHERSON PLAT LOT 122,medium,,5000,0,,,Reviewing Offers,,,
4002283023,"2513 MT ELLIOTT AVE
FLINT, MI 48504",401,2011,No,7000,3253.34,A,,,12/13/2025,1917,"CIVIC PARK LOT 18, BLK 57",,,5000,0,,,Reviewing Offers,,,
4011402013,"2532 SLOAN ST
FLINT, MI 48504-3303",401,2024,No,,3005.53,A,,,,1916,"MODERN HOUSING CORPORATION ADDITION NO. 5 LOT 16, BLK 142",,,6000,,,,Needs Pictures,,,
4625403015,"254 E PIPER AVE
FLINT, MI 48505",401,2011,,4900,2409.3,A,,,10/31/2025,1955,SUBURBAN GARDENS LOT 103,,,3500,0,,,Reviewing Offers,,,
4625203011,"254 E YORK AVE
FLINT, MI 48505",401,2023,,,1931.17,A,GI-1,,,1956,ARDMORE LOT 69,,,5500,,,,Re-R4R,,,
4625203012,"258 E YORK AVE
FLINT, MI 48505",402,2011,,8000,2147.57,A,,,,,ARDMORE LOT 68,,,,0,,,,,,
4105432006,"2602 TORRANCE ST
FLINT, MI 48506",401,2017,No,5100,2068.44,A,,06/02/2023,01/22/2026,1920,"BEECHWOOD PARK LOT 27, BLK 27",x,06/12/2023,1500,0,,,Reviewing Offers,,,
4105432061,"2606 TORRANCE ST
FLINT, MI 48506",402,2014,,7200,2382.79,A,,06/02/2023,,1923,"BEECHWOOD PARK LOTS 25 AND 26, BLK 27",x,06/12/2023,1500,0,,,,,,
4011128026,"2612 CONCORD ST
FLINT, MI 48504",401,2015,No,7400,0,A,,02/09/2024,10/09/2025,1929,"MODERN HOUSING CORPORATION ADDITION NUMBER 7 LOT 16, BLK 194.",x,02/19/2024,1000,0,,,Reviewing Offers,,,
4105482004,"2614  BENNETT AVE
FLINT, MI 48506",401,2021,No,6200,5651.23,A,,04/28/2022,02/14/2026,1928,"BEECHWOOD PARK LOT 17, BLK 25",x,05/09/2022,3500,0,,,Reviewing Offers,,,
4002181013,"2617 COLBY ST
FLINT, MI 48504",401,2016,No,3000,2211,A,,,12/13/2025,1919,"MODERN HOUSHING CORPORATION ADDITON LOT 5 AND S 44.3 FT OF N 228.3 FT OF E 1/2 OF LOT 19, BLK 18",,,4500,0,,,Reviewing Offers,,,
4011329004,"2617 FLUSHING RD
FLINT, MI 48504",401,2025,,,3187.4,A,,,,1928,,,,,,,,Needs Pictures,,,
4011128022,"2630 CONCORD ST
FLINT, MI 48504",401,2017,No,8800,2354.55,A,,,07/10/2025,1930,"MODERN HOUSING CORPORATION ADDITION NO. 7 LOT 20, BLK 194",,,6000,0,,,,,,
4011128021,"2702 CONCORD ST
FLINT, MI 48504",402,2017,,400,1913.72,A,,,,,"MODERN HOUSING CORPORATION ADDITION NUMBER 7. LOT 21, BLK 194.",,,,0,,,,Vacant Lot,,
4023129018,"2710 SWAYZE ST
FLINT, MI 48503",401,2023,,,2844.57,A,CC,,08/22/2025,1930,MASON MANOR LOT 197,,,6500,,,,Re-R4R,,,
4023251022,"2726 BRANDON ST
FLINT, MI 48503-3449",401,2024,Unsure,,7744.77,A,,,03/21/2025,1950,WESTLAWN SUBDIVISION LOT 245,,,17000,,,,Hold,,,
4728355020,"2813 E PIERSON RD
FLINT, MI 48506",401,2017,No,11700,3173.18,A,,,11/13/2025,1970,ROLLINGWOOD VILLAGE NO. 5 LOT 342 EXC THE WLY 1/2,,,7000,0,,,Reviewing Offers,,,
4011131007,"2835 CLEMENT ST
FLINT, MI 48504",402,2014,,15300,2966.42,A,,,,,"MODERN HOUSING CORPORATION ADDITION NO. 7 LOT 5, BLK 203",,,,0,,,,Vacant Lot,,
4011131006,"2839 CLEMENT ST
FLINT, MI 48504",401,2014,,9700,3323,A,,,01/10/2026,1929,"MODERN HOUSING CORPORATION ADDITION NO. 7 LOT 4, BLK 203",,,5000,0,,,Reviewing Offers,,,
4014378010,"2925 MANNHALL AVE
FLINT, MI 48503-3057",401,2024,No,,4261.24,A,,,05/22/2025,1941,MANNHALL PARK WLY 50 FT OF LOTS 57 AND 58,,,15000,,,,Re-R4R,,,
4733357028,"2951 AGREE AVE
FLINT, MI 48506",401,2016,No,5300,2197.44,A,,09/16/2022,01/24/2025,1937,"UNPLATTED PART OF THE SW 1/4 OF THE SW 1/4 OF SECTION 33, T8N, R7E. COM AT THE INT OF THE E LINE OF WESTERN RD WITH THE S LINE OF RICHFIELD RD; AND RNG TH N 89 DEG 07 MIN E ALG SD S LINE, 275 FT; AND TH S 0 DEG 57 MIN E, 1013.27 FT; TH N 89 DEG 18 MIN E, 380 FT FOR POB; TH N 89 DEG 18 MIN E, 45 FT; TH N 0 DEG 57 MIN W, 100 FT; TH S 89 DEG 18 MIN W, 45 FT; TH S 0 DEG 57 MIN E, 100 FT TO POB.",x,09/26/2022,2000,0,,,Re-R4R,,,
4011108023,"2952 WOLCOTT ST
FLINT, MI 48504",401,2022,No,11700,3471.64,A,,,12/20/2025,1957,"CIVIC MANOR NO. 1 LOTS 434 AND 435 COMB ON 12/27/2008 FROM 40-11-108-015, 40-11-108-016;",,,15000,0,,,Hold,Bundle-Occupied/Sell,,
4733355014,"2956  MEISNER ST
FLINT, MI 48506",401,2021,No,7400,5635.77,A,,07/27/2023,,1936,"UNPLATTED PART OF THE SW 1/4 OF THE SW 1/4 OF SECTION 33, T8N, R7E. COM AT THE INT OF THE E LINE OF WESTERN ROAD WITH THE S LINE OF RICHFIELD ROAD; RNG TH N 89 DEG 07 MIN E ALONG SD S LINE, 275 FT; TH S 0 DEG 57 MIN E, 538.27 FT; TH N 89 DEG 18 MIN E, 425 FT FOR POB; TH N 89 DEG 18 MIN E, 45 FT; TH S 0 DEG 57 MIN E, 100 FT; TH S 89 DEG 18 MIN W, 45 FT; TH N 0 DEG 57 MIN W, 100 FT TO POB.",x,08/07/2023,4000,0,,,Re-R4R,,,
4002108014,"3002 WISNER ST
FLINT, MI 48504",401,2018,No,15700,3680.61,A,,,12/12/2025,1956,THORNTON DALE NORTH LOT 155.,,,6000,0,,,Reviewing Offers,,,
4001108030,"3003 MASON ST
FLINT, MI 48505",401,2019,No,10500,5700.11,A,,05/25/2023,11/27/2025,1928,STONE-MACDONALD-KAUFMANN WESTERN ADDITION LOT 240,x,06/05/2023,4500,0,,,Reviewing Offers,,,
4002108013,"3006 WISNER ST
FLINT, MI 48504",402,2009,,12900,3893.29,A,,,,,THORNTON DALE NORTH LOT 154,,,,0,,,,Vacant Lot,,
4010279025,"3010 SLOAN ST
FLINT, MI 48504",402,2015,,5800,0,A,,,,,"CIVIC MANOR NO. 1 PART OF LOTS 644 AND 645 BEG AT SWLY COR OF SD LOT 645; TH NELY ALG WLY LINE OF SD LOTS 645 AND 644, 95.7 FT TO NWLY COR OF SD LOT 644; TH SELY ALG NLY LINE OF SD LOT 644, 42 FT; TH SLY 88.10 FT TO A PT ON SLY LINE OF SD LOT 645, 50 FT NWLY FROM SELY COR OF SD LOT; TH NWLY ALG SD SLY LINE 51.21 FT TO BEG.",,,,0,,,,Vacant Lot,,
4625302028,"305 W HOME AVE
FLINT, MI 48505-6105",401,2024,No,550,2138.46,A,,,06/14/2025,1965,SUBURBAN GARDENS LOT 780 EXC ELY 55 FT,,,9000,0,,,Re-R4R,,,
4625378011,"305 W PARKWAY AVE
FLINT, MI 48505",401,2014,No,8600,3004.36,A,,06/23/2022,,1950,SHARP MANOR LOT 35,x,07/05/2022,2500,0,,,Re-R4R,,,
4625204019,"309 E ALMA AVE
FLINT, MI 48505",401,2018,No,3400,1651.65,A,,,02/06/2026,1950,ARDMORE LOT 164,,,4500,0,,,Reviewing Offers,,,
4625378010,"309 W PARKWAY AVE
FLINT, MI 48505",402,2014,,8100,3704.15,A,,,,,SHARP MANOR LOT 36,,,,0,,,,Vacant Lot,,
4625376012,"310 WESTMORELAND DR
FLINT, MI 48505",401,2017,No,3600,5238.25,A,,01/04/2024,11/16/2024,1950,SHARP MANOR LOT 76,x,01/16/2024,2000,0,,,Re-R4R,,,
0710576071,"3103 STRATFORD ST
FLINT, MI 48504",401,2019,No,10500,5083.25,A,,,,,LOT 231 EXCEPT ELY 2 FT GLENHAVEN,,,9000,0,,,Hold,Bundle-Occupied/Sell,,
4001128001,"3112  MASON ST
FLINT, MI 48503",401,2021,No,10400,3989.92,A,,,11/27/2025,1954,STONE-MACDONALD-KAUFMANN WESTERN ADDITION W 1/2 OF LOTS 147 AND 148,,,7000,0,Yes,P,Pending,,,
4625208003,"314 E HOLBROOK AVE
FLINT, MI 48505",401,2013,,3000,1914.17,A,,,10/30/2025,1949,ARDMORE LOT 420,,,3000,0,,,Reviewing Offers,,,
1133576023,"3157 HUGGINS AVE
FLINT, MI 48506",401,2025,,39100,40169.85,A,,,,,E 150 FT OF LOT 15 DOWDALL PARK,,,8000,0,,,Needs Pictures,,,
4625412020,"317 E MOTT AVE
FLINT, MI 48505",402,2006,No,300,2343.09,D,,11/17/2023,,1929,PIERSON PARK LOT 440,x,11/27/2023,2000,,,,,,,
4636252028,"319 E FLINT PARK BLVD
FLINT, MI 48505",401,2017,No,4600,1879.66,A,,,11/07/2025,1951,FLINT PARK ALLOTMENT LOT 333.,,,3500,0,,,Reviewing Offers,,,
4001156025,"320 W RANKIN ST
FLINT, MI 48505-4124",401,2024,No,550,3185.02,A,,,11/22/2025,1927,INDIAN VILLAGE NO. 1 LOT 744,,,4000,0,,,Reviewing Offers,,,
4636252029,"321 E FLINT PARK BLVD
FLINT, MI 48505",402,2013,,400,2527.73,A,,,,1950,FLINT PARK ALLOTMENT LOT 332.,,,,0,,,,Vacant Lot,,
4625412022,"321 E MOTT AVE
FLINT, MI 48505",401,2011,No,7000,1639.96,A,,11/17/2023,,1971,PIERSON PARK LOT 439,x,11/27/2023,2000,0,,,Re-R4R,,,
4001356010,"321 JOSEPHINE ST
FLINT, MI 48503",401,2017,No,5800,8824.96,A,,,12/06/2025,,INDIAN VILLAGE LOT 265,,,5000,0,,,Reviewing Offers,,,
4104129020,"3214 COLORADO AVE
FLINT, MI 48506",401,2019,No,7300,3436.01,A,,,,1954,Property exempt from Ad Valorem taxes and assessed on the Special Act Roll pursuant to PA 261 of 2003 expiring 12/30/2027. EASTWOOD LOT 226,none,,7000,0,,,Needs Pictures,,,
4636453007,"322  EDMUND ST
FLINT, MI 48505",401,2021,No,12000,6114.6,A,,04/27/2022,09/27/2024,1929,DEWEY HOMESTEAD ADDITION. LOT 110.,x,05/09/2022,2500,0,,,Re-R4R,,,
4625377019,"322 W PARKWAY AVE
FLINT, MI 48505",401,2018,No,8000,5140.28,A,,02/02/2023,,1950,SHARP MANOR LOT 45,x,02/13/2023,2500,0,,,Re-R4R,,,
4001106013,"323 W JAMIESON ST
FLINT, MI 48505",401,2015,No,9000,0,A,,,12/04/2025,1949,CROSS ACRES LOT 69.,,,5000,0,,,Reviewing Offers,,,
4636130008,"329 W BALTIMORE BLVD
FLINT, MI 48505",401,2019,No,7400,3870.99,A,,,,1929,FLINT PARK ALLOTMENT LOT 884; ALSO LOT 885 EXC WLY 1/2,,,3500,0,,,Hold,,,
1427553102,"3404 PARKWAY AVE
FLINT, MI 48504",402,2010,No,19500,3542.04,A,,,,,LOTS 25 & 26 BLK P NORTHWEST HEIGHTS NO 1 (74),,,,0,,,,Vacant Lot,,
1427553090,"3408 W PARKWAY AVE
FLINT, MI 48504-6927",401,2024,No,550,5499.34,A,,,11/20/2025,1955,LOT 1 BLK P NORTHWEST HEIGHTS NO 1,medium,,10000,0,,,Re-R4R,,,
4635381044,"3411 BROWNELL BLVD
FLINT, MI 48504",401,2023,,,2658.05,A,TN-2,,,1947,WOODWARD SQUARE LOT 23,medium,,6500,,,,Needs Pictures,,,
4635459015,"3416 STERLING ST
FLINT, MI 48504",402,2012,,8800,6464.31,A,,07/07/2023,,1952,WM C LAW SUBDIVISION LOT 113,x,07/17/2023,2500,0,,,,,,
4635459014,"3420 STERLING ST
FLINT, MI 48504",401,2013,No,7100,4807.53,A,,07/07/2023,,1953,WM C LAW SUBDIVISION LOT 112,x,07/17/2023,2500,0,,,Re-R4R,,,
4625256024,"345 E AUSTIN AVE
FLINT, MI 48505",401,2014,No,4700,2946.03,A,,,,1924,ROBINWOOD LOT 334,,,3500,0,,,Hold,,,
4625256025,"349 E AUSTIN AVE
FLINT, MI 48505",402,2015,No,3600,0,A,,,,,ROBINWOOD LOT 335,,,,0,,,,,,
4625452014,"350 E MOTT AVE
FLINT, MI 48505",401,2022,No,3800,4242.73,A,,,08/30/2025,1950,PIERSON PARK LOT 379,,,3000,0,,,Hold,,,
4635485010,"3502 RACE ST
FLINT, MI 48504",402,2018,No,8400,2381.2,A,,,,,DONNELLY ADDITION LOT 80,,,,0,,,,,,
4635481023,"3505 MILBOURNE AVE
FLINT, MI 48504-3550",401,2024,No,550,3164.31,A,,,03/27/2025,1950,DONNELLY ADDITION LOT 361,,,7800,0,,,Re-R4R,,,
4635481022,"3509 MILBOURNE AVE
FLINT, MI 48504",402,2013,,5900,2865.68,A,,,,,DONNELLY ADDITION LOT 362,,,,0,,,,Vacant Lot,,
4636459014,"3509 WESLEY ST
FLINT, MI 48505",402,2010,,34500,7532.41,A,,,,,PASADENA LOT 576,,,,0,,,,Vacant Lot,,
4635459025,"3513 LAWNDALE AVE
FLINT, MI 48504",401,2023,,,2557.56,A,GN-1,,,1954,WM. C. LAW SUBDIVISION LOT 66,,,5000,,,,Re-R4R,,,
4636459012,"3513 WESLEY ST
FLINT, MI 48505",401,2023,No,,2649.51,A,MR-1,,01/17/2025,1927,PASADENA LOT 577,,,3500,,,,Re-R4R,,,
4625204031,"353 E ALMA AVE
FLINT, MI 48505",402,2011,,5500,3657.22,A,,,,,ARDMORE LOT 175,,,,0,,,,Vacant Lot,,
4636278002,"356 E FLINT PARK BLV
FLINT, MI 48505",402,2007,,500,2442.17,A,,06/21/2023,,,FLINT PARK ALLOTMENT LOT 211.,x,07/03/2023,5000,,,,,,,
4625204032,"357 E ALMA AVE
FLINT, MI 48505",401,2022,No,4700,2218.53,A,,,02/08/2026,1950,ARDMORE LOT 176,,,5000,0,,,Reviewing Offers,Bundle-Occupied/Sell,,
4636280022,"359 E STEWART AVE
FLINT, MI 48505",401,2019,No,3800,4813.29,A,,07/15/2022,08/30/2024,1924,FLINT PARK ALLOTMENT LOT 162,x,07/25/2022,1500,0,,,Re-R4R,,,
4636278003,"360 E FLINT PARK BLVD
FLINT, MI 48505",401,2019,No,3900,2285.7,A,,06/21/2023,11/14/2024,1955,FLINT PARK ALLOTMENT LOT 210.,x,07/03/2023,4000,0,,,Re-R4R,,,
4635382019,"3609 COMSTOCK AVE
FLINT, MI 48504",401,2014,No,13000,4123.7,A,,07/21/2022,01/11/2025,1949,WOODWARD SQUARE LOT 151.,x,08/02/2022,3000,0,,,Re-R4R,,,
4636455027,"3609 WESLEY ST
FLINT, MI 48505",402,2013,,6300,8352.44,A,,,,,PASADENA LOT 506.,,,,0,,,,Vacant Lot,,
4636455025,"3613 WESLEY ST
FLINT, MI 48505",401,2015,No,12200,0,A,,,07/12/2025,1925,PASADENA LOT 505.,,,7000,0,,,Re-R4R,,,
4635359018,"3617 KELLAR AVE
FLINT, MI 48504",401,2019,No,3100,6952.4,A,,,,1926,WASENA SUBDIVISION LOT 374,,,2500,0,,,Hold,,,
4636376027,"3617 MASON ST
FLINT, MI 48505",401,2008,No,40700,4174.84,A,,,07/12/2025,1950,DEWEY WOODS ADDITION LOT 34 EXC NLY 4.25 FT; ALSO NLY 2 FT OF LOT 35.,,,5000,890000,,,Re-R4R,,,
4635359017,"3621 KELLAR AVE
FLINT, MI 48504",402,2019,,1200,1428.83,A,,,,,WASENA SUBDIVISION LOT 375,,,,0,,,,Vacant Lot,,
4636426004,"363 E MOORE ST
FLINT, MI 48505",401,2011,,17100,6756.06,A,,11/08/2023,,0,DEWEY HOMESTEAD ADDITION LOT 67,x,11/20/2023,2500,0,,,Re-R4R,,,
4636426005,"367 E MOORE ST
FLINT, MI 48505",402,2005,,100,1405.14,C,,11/08/2023,,1922,DEWEY HOMESTEAD ADDITION. LOT 66.,x,11/20/2023,2500,,,,,,,
4635477030,"3701 DONNELLY ST
FLINT, MI 48504",401,2015,No,9700,0,A,,01/26/2023,01/10/2025,1949,DONNELLY ADDITION LOT 274.,x,02/06/2023,3500,0,Yes,P,Re-R4R,,,
4635477029,"3705 DONNELLY ST
FLINT, MI 48504",402,2012,,12800,3163.18,A,,01/26/2023,,1949,DONNELLY ADDITION LOT 275.,x,02/06/2023,3500,0,Yes,P,Pending,,,
4635455011,"3714 LAWNDALE AVE
FLINT, MI 48504",401,2017,No,6800,2224.02,A,,01/13/2023,04/17/2025,1950,"WM. C. LAW, SUBDIVISION SLY 1/2 OF LOT 32 AND LOT 33 EXC S'LY 15 FT",x,01/23/2023,4500,0,Yes,P,Re-R4R,,,
4636410011,"372 DAMON ST
FLINT, MI 48505",402,2011,,12200,5654.24,A,,11/09/2023,,1927,PASADENA LOTS 187 AND 188 EXC W 80 FT; ALSO EXC E 46 FT,x,11/20/2023,2500,0,,,,,,
4635454011,"3722 STERLING ST
FLINT, MI 48504",401,2010,No,21100,1946.24,A,,,,1951,WM. C LAW SUBDIVISION LOT 94,,,5000,0,,,Hold,,,
4636410012,"376 DAMON ST
FLINT, MI 48505",401,2017,No,8700,2175.56,A,,11/09/2023,,0,PASADENA E 46 FT OF LOTS 187 AND 188.,x,11/20/2023,2500,0,,,Re-R4R,,,
4022282028,"3822 HOGARTH AVE
FLINT, MI 48532-5234",401,2024,No,,3345.01,A,,,08/22/2025,1926,CHEVROLET SUBDIVISION LOT 531,heavy,,20000,,,,Re-R4R,,,
4635352022,"3901 WISNER ST
FLINT, MI 48504-3708",401,2024,No,,3687.27,A,,,04/04/2025,1955,WASENA SUBDIVISION LOT 163 AND SLY 10 FT OF LOT 164,,,8000,,,,Re-R4R,,,
4130104004,"3913 BRUNSWICK AVE
FLINT, MI 48507-2416",401,2024,No,,3037.46,A,,,,1924,ATHERTON PARK LOT 289,,,5000,,,,Needs Pictures,,,
4635408020,"4002 LAWNDALE AVE
FLINT, MI 48504",401,2019,No,8900,2167.38,A,,05/25/2022,01/11/2025,1951,FLEMING ADDITION LOT 60,x,06/06/2022,2500,0,,,Re-R4R,,,
4635408019,"4006 LAWNDALE AVE
FLINT, MI 48504",402,2014,,9600,1309.65,A,,,,,FLEMING ADDITION LOT 59.,,,,0,,,Re-R4R,Vacant Lot,,
4635432012,"4030 RACE ST
FLINT, MI 48504-2227",401,2024,No,,9400.61,A,,,,1950,DONNELLY ADDITION LOT 50.,,,8000,,,,Needs Pictures,,,
4636478003,"406 E VAN WAGONER AVE
FLINT, MI 48505",401,2015,No,9900,0,A,,01/06/2023,,1926,PASADENA. LOT 298.,x,01/17/2023,4000,0,,,Re-R4R,,,
4625106026,"406 W ALMA AVE
FLINT, MI 48505",402,2010,,9400,2477.21,A,,,,,IRVINGTON PLAT LOT 89,,,,0,,,,Vacant Lot,,
4636130007,"409 W BALTIMORE BLVD
FLINT, MI 48505",402,2012,,,496.98,A,,,,,FLINT PARK ALLOTMENT LOT 886 AND WLY 1/2 OF LOT 885.,,,,0,,,,Bundle-Occupied/Sell,,
4625280003,"410 E RUTH AVE
FLINT, MI 48505",401,2012,No,6200,6401.61,A,,11/03/2023,11/08/2024,1970,ROBINWOOD LOT 394.,x,11/13/2023,2500,0,,,Re-R4R,,,
4625106025,"410 W ALMA AVE
FLINT, MI 48505",401,2013,No,3400,2082.23,A,,,,1955,IRVINGTON PLAT LOT 88,,,7000,0,,,Needs Pictures,,,
4635327002,"4124  WINONA ST
FLINT, MI 48504",401,2021,No,6400,6465.05,A,,04/06/2022,10/03/2024,1956,WASENA SUBDIVISION LOTS 536 AND 537 EXC NLY 96 FT; ALSO NLY 32 FT OF LOT 538,x,04/19/2022,3500,0,,,Re-R4R,,,
4625282035,"413 E RUSSELL AVE
FLINT, MI 48505",401,2016,No,4100,2176.17,A,,,,1900,"ROBINWOOD LOT 158 AND 159 COMB ON 11/29/2012 FROM 46-25-282-021, 46-25-282-022;",,,3000,0,,,Re-R4R,,,
4118384026,"416 MORLEY AVE
FLINT, MI 48503",401,2017,No,5500,2407.17,A,,01/20/2023,05/24/2025,,"LASALLE GARDENS SUBDIVISION LOTS 17 AND 18 COMBINED ON 02/12/2014 FROM 41-18-384-017, 41-18-384-018;",x,01/30/2023,2500,0,,,Reviewing Offers,,,
4625278021,"417 E RUTH AVE
FLINT, MI 48505",401,2019,No,5700,2643.13,A,,,,1972,ARDMORE LOT 893,,,3500,0,,,Needs Pictures,,,
4001360004,"417 GRACE ST
FLINT, MI 48503",401,2014,,10600,1282.67,A,,06/07/2023,11/22/2024,1950,INDIAN VILLAGE LOT 160,x,06/19/2023,2000,0,,,Hold,,,
4625158012,"417 W AUSTIN AVE
FLINT, MI 48505",402,2009,,7100,2424.85,A,,08/03/2023,,1927,IRVINGTON PLAT LOT 245,x,08/14/2023,2000,0,,,,,,
4625229005,"418 E ALMA AVE
FLINT, MI 48505",401,2017,No,4600,2031.11,A,,,03/07/2026,1900,ARDMORE LOT 226; ALSO WLY 1/2 OF LOT 225.,,,4000,0,,,Scheduled,,,
4636229011,"418 E PHILADELPHIA BLV
FLINT, MI 48505",401,2022,No,4600,7202.44,A,,,,1940,"BOULEVARD HEIGHTS LOT 49, BLK 2",,,3000,0,,,Re-R4R,,,
4625158011,"421 W AUSTIN AVE
FLINT, MI 48505",401,2018,No,1900,3004.97,A,,08/03/2023,03/06/2026,1969,IRVINGTON PLAT LOT 246,x,08/14/2023,2000,0,,,Scheduled,,,
4635303002,"4222 WISNER ST
FLINT, MI 48504",401,2015,No,5100,0,A,,10/13/2023,11/16/2024,1970,WASENA SUBDIVISION LOT 194,x,10/23/2023,2000,0,,,Re-R4R,,,
4636429022,"425 E MYRTLE AVE
FLINT, MI 48505",401,2014,,11200,3104.17,A,,,06/21/2025,1929,PASADENA LOT 222,,,2500,0,,,Re-R4R,,,
4625158010,"425 W AUSTIN AVE
FLINT, MI 48505-2619",401,2024,No,,2338.13,A,,,03/29/2025,1953,IRVINGTON PLAT LOT 247,,,8000,,,,Re-R4R,,,
4625282025,"427 E RUSSELL AVE
FLINT, MI 48505",402,2005,,200,473.01,C,,11/16/2023,,,ROBINWOOD LOT 162,x,11/27/2023,2000,,,,,,,
4118384004,"429 W TWELFTH ST
FLINT, MI 48503",401,2019,No,4800,2479.56,A,,07/28/2023,02/20/2026,1927,LASALLE GARDENS SUBDIVISION LOT 7,x,08/07/2023,2000,0,,,Reviewing Offers,,,
4001252048,"437 E DARTMOUTH ST
FLINT, MI 48505",401,2022,No,6600,3122.62,A,,,12/05/2025,1939,HILLCREST LOT 620; ALSO THE E 13 FT OF LOT 618,,,8000,0,,,Reviewing Offers,,,
4635278027,"4517 EDWARDS AVE
FLINT, MI 48505",401,2018,No,5500,2680.05,A,,12/21/2022,,1950,FLINT PARK NO. 1 LOT 242,x,01/03/2023,1500,0,,,Re-R4R,,,
4635278016,"4520 BALDWIN BLVD
FLINT, MI 48505",401,2011,Unsure,8000,2217.34,A,,,11/15/2024,1955,FLINT PARK NO. 1 LOT 252,,,4000,0,,,Re-R4R,Poor Condition,,
4635278033,"4524 BALDWIN BLVD
FLINT, MI 48505",402,2014,,9000,2223.42,A,,,,,FLINT PARK NO. 1 LOTS 253 AND 254,,,,0,,,,Vacant Lot,,
4635278025,"4601 EDWARDS AVE
FLINT, MI 48505",401,2019,No,6200,2385.37,A,,02/16/2022,,1950,FLINT PARK NO. 1 LOT 240,x,03/01/2022,2500,0,,,Re-R4R,,,
4635104017,"4718 CANTERBURY LN
FLINT, MI 48504",401,2019,No,10400,5302.45,A,,08/10/2023,07/10/2025,1955,MANLEY VILLAGE NO. 1 LOT 275,x,08/21/2023,4500,0,,,Re-R4R,,,
4635233008,"4906 GLENN AVE
FLINT, MI 48505",401,2019,No,3700,5510.37,A,,09/27/2023,,1927,FLINT PARK NO. 1 LOT 170,x,10/09/2023,2000,0,,,Re-R4R,,,
4731204006,"5002 HORTON AVE
FLINT, MI 48505",401,2015,No,2600,0,A,,05/31/2023,,0,CLOVERDALE LOT 91,x,06/12/2023,2500,0,,,Re-R4R,,,
4625282026,"501 E RUSSELL AVE
FLINT, MI 48505",401,2011,No,5900,3098.4,A,,11/16/2023,,1950,ROBINWOOD LOT 163,x,11/27/2023,2000,0,,,Re-R4R,,,
4625110008,"501 W HOLBROOK AVE.
FLINT, MI 48505",402,2015,,,0,A,,09/14/2023,,1969,IRVINGTON PLAT LOT 129,x,09/25/2023,2500,0,,,,,,
4731129003,"5010 INDUSTRIAL AVE
FLINT, MI 48505",401,2016,,4100,2109.76,A,,,,1928,CLOVERDALE LOT 18.,,,3500,0,,,Needs Pictures,,,
4625282010,"502 E AUSTIN AVE
FLINT, MI 48505",401,2017,No,3700,3564.76,A,,08/03/2023,08/02/2025,1929,ROBINWOOD LOT 205,x,08/14/2023,2500,0,,,Re-R4R,,,
4625104022,"502 W YORK AVE
FLINT, MI 48505",402,2015,,4000,0,A,,,,,IRVINGTON PLAT LOT 52,,,,0,,,,Vacant Lot,,
4635230017,"5023 DUPONT ST
FLINT, MI 48505",401,2016,No,7200,5088.63,A,,06/01/2023,,1927,FLINT PARK NO. 1 LOT 9,x,06/12/2023,2500,0,,,Re-R4R,,,
4625110007,"505 W HOLBROOK AVE
FLINT, MI 48505",401,2018,No,3500,13287.87,A,,09/14/2023,03/05/2026,1955,IRVINGTON PLAT LOT 130,x,09/25/2023,2500,0,,,Scheduled,,,
4625282011,"506 E AUSTIN AVE
FLINT, MI 48505",401,2013,No,2800,1746.07,A,,08/03/2023,,1968,ROBINWOOD LOT 204.,x,08/14/2023,2500,0,,,Re-R4R,,,
4636276014,"506 E BISHOP AVE
FLINT, MI 48505",401,2015,,4500,0,A,,,11/07/2025,1926,FLINT PARK ALLOTMENT LOT 232,,,3500,0,,,Reviewing Offers,,,
4636226012,"506 E PIERSON RD
FLINT, MI 48505",401,2022,No,3900,5260.59,A,,03/09/2023,,1927,"BOULEVARD HEIGHTS LOT 52, BLK 5",x,03/20/2023,4000,0,,,Re-R4R,,,
4119129016,"506 MORLEY AVE
FLINT, MI 48503",401,2015,,3100,0,A,,03/11/2022,05/23/2025,1920,LASALLE GARDENS SUBDIVISION LOT 35,x,03/22/2022,1500,0,,,Hold,,,
4625104021,"506 W YORK AVE
FLINT, MI 48505-2097",401,2024,Unsure,,2224.26,A,,,03/22/2025,1958,IRVINGTON PLAT LOT 51,,,6000,,,,Re-R4R,,,
4625282012,"510 E AUSTIN AVE
FLINT, MI 48505",402,2005,No,200,1632.24,C,,08/03/2023,,1954,ROBINWOOD LOT 203,x,08/14/2023,2500,,,,,,,
4625428013,"510 E PIPER AVE
FLINT, MI 48505",402,2003,No,0,1470.89,B,,,,,SUBURBAN GARDENS LOT 130,,,,,,,,Vacant Lot,,
4635230015,"5105  DUPONT ST
FLINT, MI 48505",401,2021,No,6100,2906.95,A,,10/05/2023,,1927,FLINT PARK NO. 1 LOT 7 PROPERTY EXEMPT FROM AD VALOREM TAXES AND ASSESSED ON THE SPECIAL ACT ROLL PURSUANT TO PA 261 OF 2003 EXPIRING 12/30/2021,x,10/16/2023,2000,0,,,Re-R4R,,,
4731127002,"5114 INDUSTRIAL AVE
FLINT, MI 48505",401,2019,No,4600,2204.61,A,,04/05/2023,,1929,CLOVERDALE LOT 24.,x,04/17/2023,3000,0,,,Re-R4R,,,
4636483015,"517 E PASADENA AVE
FLINT, MI 48505",402,2005,,500,840.43,C,,,,,PASADENA LOT 355 EXC THE NLY 40 FT.,,,,,,,,Vacant Lot,,
4636154019,"517 W ELDRIDGE AVE
FLINT, MI 48505",401,2018,No,5100,4627.31,A,,03/30/2022,11/01/2025,1929,FLINT PARK ALLOTMENT LOT 983,x,04/12/2022,2500,0,,,Reviewing Offers,,,
4636483016,"521 E PASADENA AVE
FLINT, MI 48505",401,2017,No,15800,3292.97,A,,,07/19/2025,1928,PASADENA LOT 356 EXC THE NLY 40 FT.,,,4500,0,,,Re-R4R,,,
4636226047,"521 E PULASKI ST
FLINT, MI 48505",401,2016,No,4600,4987.93,A,,05/24/2023,10/11/2025,1929,"BOULEVARD HEIGHTS LOT 23, BLK 5",x,06/05/2023,3000,0,,,Reviewing Offers,,,
4636154018,"521 W ELDRIDGE AVE
FLINT, MI 48505",402,2012,,5600,1026.69,A,,03/30/2022,,1927,FLINT PARK ALLOTMENT LOT 984; ALSO LOT 985 EXC WLY 25 FT.,x,04/12/2022,2500,0,,,,,,
4636102023,"521 W PULASKI ST
FLINT, MI 48505",402,2011,,12000,4708.99,A,,,,,"BOULEVARD HEIGHTS LOT 47, BLK 16",,,,0,,,,Vacant Lot,,
4636104023,"523 W PHILADELPHIA BLV
FLINT, MI 48505",401,2021,No,6800,12225.32,A,,11/29/2023,,1949,"BOULEVARD HEIGHTS LOT 7 AND ELY 5 FT OF LOT 8, BLK 18.",x,12/11/2023,2000,0,,,Re-R4R,,,
4636102022,"525 W PULASKI ST
FLINT, MI 48505",401,2018,No,9100,2061.85,A,,,,1950,"BOULEVARD HEIGHTS. LOT 46, BLK 16.",,,4000,0,,,Hold,,,
4626478009,"5406 GLENN AVE
FLINT, MI 48505",401,2014,,11300,3124.91,A,,11/29/2023,,1952,SHARP MANOR NO. 1 LOT 306.,x,12/11/2023,3000,0,,,Re-R4R,,,
4636102017,"545 W PULASKI ST
FLINT, MI 48505-3123",401,2024,No,550,1766.87,A,,,03/15/2025,1950,"BOULEVARD HEIGHTS LOT 41, BLK 16",,,6000,0,,,Re-R4R,,,
4625157013,"601 W AUSTIN AVE
FLINT, MI 48505",402,2016,,5800,1778.92,A,,,,,HARTRIDGE LOT 193,,,,0,,,,Vacant Lot,,
4625435001,"602 E GRACELAWN AVE
FLINT, MI 48505",401,2016,No,4200,2833.03,A,,11/17/2023,09/21/2024,1955,SUBURBAN GARDENS LOT 582,x,11/27/2023,2000,0,,,Re-R4R,,,
4001353017,"602 JOSEPHINE ST
FLINT, MI 48503",401,2025,,6600,3949.76,A,,,,1925,INDIAN VILLAGE LOT 280,,,,0,,,Needs Pictures,,,
4625157012,"605 W AUSTIN AVE
FLINT, MI 48505",401,2021,No,5500,3150.92,A,,,,1956,HARTRIDGE LOT 194,,,5000,0,,,Needs Pictures,Bundle-Occupied/Sell,,
4625435002,"606 E GRACELAWN AVE
FLINT, MI 48505",402,2011,,6000,2622.24,A,,11/17/2023,,1928,SUBURBAN GARDENS LOT 583,x,11/27/2023,2000,0,,,,,,
4013403004,"607 HAZELTON ST
FLINT, MI 48503",401,2018,No,3200,3774.53,A,,03/11/2022,12/18/2025,1914,"WEST FLINT LAND BEG AT A PT ON ELY LINE OF HAZELTON ST 58 FT SLY FROM SLY LINE OF SECOND ST; TH ELY = WITH SLY LINE OF SECOND ST 53 FT; TH SLY = WITH ELY LINE OF HAZELTON ST 24.5 FT; TH ELY = WITH SLY LINE OF SECOND ST 46 FT; TH NLY = WITH ELY LINE OF HAZELTON ST 15.5 FT; TH ELY 50 FT ON A LINE WHICH WOULD INT THE WLY LINE OF ASYLUM ST 65 FT SLY FROM SWLY COR OF ASYLUM ST AND SECOND ST; TH SLY = WITH ELY LINE OF HAZELTON ST 18.5 FT; TH WLY 149 FT TO A PT ON ELY LINE OF HAZELTON ST 30.5 FT SLY FROM POB. TH NLY ALONG ELY LINE OF HAZELTON ST 30.5 FT TO POB, BEING PART OF LOTS 2 AND 4, BLK 6",x,03/22/2022,1500,0,,,Reviewing Offers,,,
4625157011,"609 W AUSTIN AVE
FLINT, MI 48505",401,2019,No,5700,3377.28,A,,10/04/2023,02/05/2026,1955,HARTRIDGE LOT 195,x,10/16/2023,3500,0,,,Reviewing Offers,,,
4636228059,"613 E PHILADELPHIA B
FLINT, MI 48505",402,2005,,300,469.35,C,,12/14/2022,,,"BOULEVARD HEIGHTS LOT 19, BLK 3.",x,01/03/2023,2500,,,,Reviewing Offer,,,
4636481004,"614 CARTON ST
FLINT, MI 48505",402,2015,,7200,0,A,,,,,PASADENA LOT 38.,,,,0,,,,Vacant Lot,,
1413551026,"6155  LE BEAU ST
MOUNT MORRIS, MI 48458",401,2021,No,7200,3518.43,A,,01/24/2024,11/15/2025,,LOT 50 ARLINGTON MANOR NO 1 SEC 13 T8N R6E,x,02/05/2024,2000,0,,,Reviewing Offers,,,
4636228060,"617 E PHILADELPHIA BLV
FLINT, MI 48505",401,2019,No,6100,2369.98,A,,12/14/2022,09/26/2024,1925,"BOULEVARD HEIGHTS LOT 18, BLK 3",x,01/03/2023,2500,0,,,Re-R4R,,,
4636481005,"618 CARTON ST
FLINT, MI 48505",401,2019,No,10600,5146.69,A,,,,1927,PASADENA LOT 37,,,4000,0,,,Needs Pictures,,,
4625481005,"618 E PARKWAY AVE
FLINT, MI 48505",401,2015,,2800,0,A,,,,1952,PIERSON PARK LOT 243,,,3500,0,,,Hold,,,
4636154030,"618 W STEWART AVE
FLINT, MI 48505",401,2018,No,7400,6257.09,A,,05/17/2023,07/11/2025,1951,FLINT PARK ALLOTMENT LOT 970 AND ELY 5 FT OF LOT 971,x,05/30/2023,4000,0,,,Re-R4R,,,
1413552008,"6201 PALMETTO DR
MOUNT MORRIS, MI 48458-2831",401,2024,No,550,4088.19,A,,,11/20/2025,1958,Property exempt from Ad Valorem taxes and assessed on the Special Act Roll      pursuant to PA 261 of 2003 expiring 12/30/2025.  LOT 261 ARLINGTON MANOR NO 3   SEC 13 T8N R6E,,,6000,0,,,Reviewing Offers,,,
4636102008,"621 W PULASKI ST
FLINT, MI 48505",401,2018,No,8500,3374.11,A,,,06/19/2025,1950,"BOULEVARD HEIGHTS LOT 34, BLK 16",,,7000,0,,,Re-R4R,Sell,,
1413551108,"6218 NATCHEZ DR
MOUNT MORRIS, MI 48458",401,2023,,,4991.65,A,,,,1958,LOT 132 ARLINGTON MANOR NO 1 SEC 13 T8N R6E,,,8000,,,,Re-R4R,,,
4625481006,"622 E PARKWAY AVE
FLINT, MI 48505",401,2019,No,3500,2106.13,A,,,10/31/2025,1923,PIERSON PARK LOT 244,,,3500,0,,,Dropped,,,
1414581111,"6229 BERMUDA LN
MOUNT MORRIS, MI 48458",401,2025,,,5040.99,A,,,,,,,,8000,,,,Needs Pictures,,,
4119132006,"623 PARTRIDGE ST
FLINT, MI 48503",401,2017,No,5500,5083.87,A,,01/11/2023,02/20/2026,1955,LASALLE GARDENS SUBDIVISION NO. 2 LOT 134,x,01/23/2023,2500,0,,,Reviewing Offers,,,
1414581106,"6230 BERMUDA LN
MOUNT MORRIS, MI 48458",401,2023,,,1536,A,,,04/25/2025,1964,LOT 181 JULIANNA HILLS SUB NO 2,,,11000,,,,Re-R4R,,,
1413551065,"6238 LE BEAU ST
MOUNT MORRIS, MI 48458",401,2023,,,13201.45,A,,,,1960,LOT 89 ARLINGTON MANOR NO 1 SEC 13 T8N R6E,,,8000,,,,Re-R4R,,,
4625107007,"625 W ALMA AVE
FLINT, MI 48505",401,2015,,6000,0,A,,04/13/2023,03/07/2026,1955,HARTRIDGE LOT 79,x,04/24/2023,3000,0,,,Scheduled,,,
4625481007,"626 E PARKWAY AVE
FLINT, MI 48505",402,2005,No,200,1796.74,C,,,,,PIERSON PARK LOT 245,,,,,,,,Vacant Lot,,
4636229027,"626 E PHILADELPHIA BLV
FLINT, MI 48505",401,2021,No,4500,2526.77,A,,04/27/2022,09/26/2024,1925,"BOULEVARD HEIGHTS LOT 63, BLK 2.",x,05/09/2022,3500,0,,,Re-R4R,,,
4636101026,"634 W PULASKI ST
FLINT, MI 48505",401,2019,No,7100,3044.29,A,,01/06/2023,,1950,"BOULEVARD HEIGHTS LOT 22, BLK 15",x,01/17/2023,4000,0,,,Re-R4R,,,
4625279010,"638 E LORADO AVE
FLINT, MI 48505",402,2014,,5000,3597.29,A,,12/22/2023,,1929,ARDMORE LOT 740,x,01/03/2024,3500,0,,,,Vacant Lot,,
4119331019,"644 SIMCOE AVE
FLINT, MI 48507",401,2019,No,5500,2210.99,A,,09/06/2023,03/07/2026,1927,DEMING ROAD ADDITION LOT 113.,x,09/18/2023,2000,0,,,Scheduled,,,
4119333016,"648 VICTORIA AVE
FLINT, MI 48507",401,2018,No,7100,3019.66,A,,01/25/2024,01/31/2026,1957,DEMING ROAD ADDITION LOT 181,x,02/05/2024,2000,0,,,Reviewing Offers,,,
4729126038,"6609  CECIL DR
FLINT, MI 48505",402,2021,,800,628.97,A,,06/21/2023,,1962,WEBSTER WOODS NO. 2 SLY 1/2 OF LOT 134,x,07/03/2023,3500,0,,,,,,
4729126037,"6613  CECIL DR
FLINT, MI 48505",401,2021,No,4500,1704.7,A,,06/21/2023,,1962,WEBSTER WOODS NO. 2 NLY 1/2 OF LOT 134,x,07/03/2023,3500,0,,,Re-R4R,,,
4729126017,"6837 CECIL DR
FLINT, MI 48505",401,2017,No,1100,1441.32,A,,,09/04/2025,1958,WEBSTER WOODS LOT 13.,,,4000,0,,,Re-R4R,,,
4119336023,"706 NEUBERT AVE
FLINT, MI 48507",401,2015,,11700,0,A,,10/13/2022,11/07/2024,1953,DEMING ROAD ADDITION LOTS 317 AND 318.,x,10/24/2022,2500,0,,,Re-R4R,,,
4731102021,"709 E MARENGO AVE
FLINT, MI 48505-3542",401,2024,No,550,2053.92,A,,,04/24/2025,1928,PIERSON PLACE LOT 241,,,5500,0,,,Re-R4R,,,
4731102022,"713 E MARENGO AVE
FLINT, MI 48505",402,2023,,200,2229.04,A,,,,,PIERSON PLACE LOT 243,,,,0,,,,,,
4731304006,"718 E MYRTLE AVE
FLINT, MI 48505",401,2022,No,5400,2228.81,A,,,03/20/2025,1918,STEWART'S PLAT NUMBER TWO LOT 75,,,5000,0,,,Re-R4R,Bundle-Occupied/Sell,,
4119332010,"725 SIMCOE AVE
FLINT, MI 48507-1678",401,2024,No,550,2082.44,A,,,01/31/2026,1923,DEMING ROAD ADDITION LOT 147,,,7000,0,,,Reviewing Offers,,,
4119330007,"729 BARRIE AVE
FLINT, MI 48507",401,2018,No,9400,3063.88,A,,01/03/2024,01/30/2026,1928,DEMING ROAD ADDITION LOTS 78 AND 79,x,01/16/2024,3000,0,,,Reviewing Offers,,,
4119332027,"731  SIMCOE AVE
FLINT, MI 48507",402,2021,,4100,2365.23,A,,,,,DEMING ROAD ADDITION LOTS 148 AND 149; ALSO LOT 150 EXC WLY 3 FT,,,,0,,,,Vacant Lot,,
4730352019,"735 E LYNDON AVE
FLINT, MI 48505",401,2016,,3000,4344.32,A,,08/24/2023,,1948,OAK KNOLL LOT 145,x,09/05/2023,1500,0,,,Re-R4R,,,
4731155005,"738 BLACK AVE
FLINT, MI 48505",401,2016,No,6300,2785.62,A,,04/20/2023,,1929,MAPLEWOOD LOT 77,x,05/01/2023,2000,0,,,Re-R4R,,,
4730104041,"746 E ALMA AVE
FLINT, MI 48505",401,2021,No,5400,5091.46,A,,03/08/2023,,,"BELLEVIEW LOTS 690 AND 691 AND WLY 5 FT OF LOT 692 COMBINED ON 01/15/2014 FROM 47-30-104-013, 47-30-104-012;",x,03/20/2023,4000,0,,,Re-R4R,,,
4730354037,"765 E RIDGEWAY AVE
FLINT, MI 48505",401,2021,No,4600,3210.27,A,,05/06/2022,09/28/2024,1929,OAK KNOLL LOT 61.,x,05/16/2022,2500,0,,,Re-R4R,,,
4730155042,"779 E RUSSELL AVE
FLINT, MI 48505",401,2022,No,7700,4403.26,A,,,,1970,ROSEMONT LOT 146,,,9000,0,,,Re-R4R,Bundle-Occupied/Sell,,
4730130019,"801 E ALMA AVE
FLINT, MI 48505",402,2015,,3800,0,A,,04/20/2023,,1959,BELLEVIEW LOT 665.,x,05/01/2023,3000,0,,,,,,
4635426016,"802 W MOORE ST
FLINT, MI 48504",402,2023,,400,1732.15,B,,,,,DONNELLY ADDITION LOT 461,,,,0,,,,Bundle-Occupied/Sell,,
4011230007,"805 COPEMAN BLVD
FLINT, MI 48504",402,2016,,4100,2379.03,A,,,,1927,"MODERN HOUSING CORPORATION ADDITION NO.2 LOT 5, BLK 82.",,,,0,,,,,,
4730130020,"805 E ALMA AVE
FLINT, MI 48505",401,2019,No,7200,4625.05,A,,04/20/2023,,1970,BELLEVIEW LOT 664,x,05/01/2023,3000,0,,,Re-R4R,,,
4635426015,"806 W MOORE ST
FLINT, MI 48504",401,2023,,9300,8204.13,A,,,08/21/2025,1962,DONNELLY ADDITION LOT 460,,,8000,0,,,Re-R4R,,,
4119356014,"809 LINCOLN AVE
FLINT, MI 48507",401,2019,No,6200,3452.68,A,,07/19/2023,06/12/2025,1950,ATHERTON MANOR LOT 144,x,07/31/2023,3000,0,,,Reviewing Offers,,,
4106127003,"810 SPENCER ST
FLINT, MI 48505",402,2003,No,200,375.18,B,,,,,"PARKLAND NO. 2 LOT 38, BLK 3.",,,,,,,,Vacant Lot,,
4002283025,"810 W DAYTON ST
FLINT, MI 48504",401,2025,,,3037.83,A,,,,1919,,,,,,,,Needs Pictures,,,
4130102037,"814 CAMPBELL ST
FLINT, MI 48507-2425",401,2024,No,,3737.44,A,,,03/29/2025,0,ATHERTON PARK LOTS 24 & 25,,,7000,,,,Re-R4R,,,
4106127004,"814 SPENCER ST
FLINT, MI 48505",401,2016,No,3800,2376.76,A,,01/05/2023,02/27/2025,1913,"PARKLAND NO. 2 LOT 37, BLK 3.",x,01/17/2023,4000,0,,,Hold,,,
4731377020,"821 CARTON ST
FLINT, MI 48505",401,2019,No,2900,3794.83,A,,,11/13/2025,1922,STEWART'S PLAT LOT 31,,,4500,0,,,Reviewing Offers,,,
4730126028,"821 E BUNDY AVE
FLINT, MI 48505",401,2022,No,6100,2027.76,A,,,05/09/2025,1946,BELLEVIEW LOT 260,,,8000,0,,,Re-R4R,,,
4130104026,"822 LELAND ST
FLINT, MI 48507",401,2019,No,13300,6077.72,A,,02/01/2024,,1925,ATHERTON PARK LOTS 50 AND 51,x,02/12/2024,4000,0,,,Re-R4R,,,
4119162011,"823 OSSINGTON AVE
FLINT, MI 48507",401,2022,No,9500,3513.44,A,,,02/21/2026,1927,FENTON STREET ADDITION LOTS 29 AND 30,,,3500,0,,,Reviewing Offers,,,
4730132008,"826 E ALMA AVE
FLINT, MI 48505",401,2008,,6700,1165.5,A,,,10/31/2024,1947,BELLEVIEW LOT 706.,,,1800,0,,,Re-R4R,,,
4106128030,"837 E JAMIESON ST
FLINT, MI 48505-4509",401,2024,No,,3369.01,A,,,03/21/2025,1920,"PARKLAND NO. 2 LOT 11, BLK 2",,,4500,,,,Re-R4R,,,
4119158016,"838 REMINGTON AVE
FLINT, MI 48507",401,2018,No,6400,4006.74,A,,02/10/2022,01/29/2026,1924,FENTON STREET SUBDIVISION LOT 149,x,02/22/2022,1500,0,,,Reviewing Offers,,,
4118281003,"906 E EIGHTH ST
FLINT, MI 48503",401,2023,,,3662.61,A,TN-2,,,1919,"FAIRFIELD SUBDIVISION OF LOTS 7 AND 8 AND PART OF LOTS 2,4 AND 6 OF MCNEIL'S OUTLOTS AND OF THE WEST PART OF LOTS 6,7,8,9,10 AND 11 OF HAMILTON'S OUTLOTS, LOT 113",,,1900,,,,Re-R4R,,,
4731376031,"909 ADDISON ST
FLINT, MI 48505",401,2017,No,5300,4434.59,A,,10/18/2023,,1915,STEWART'S PLAT LOT 74,x,10/30/2023,2000,0,,,Re-R4R,,,
4011482014,"909 PERRY ST
FLINT, MI 48504",402,2012,,6100,3518.96,A,,,,,"MODERN HOUSING CORPORATION ADDITION NO. 1 LOT 11 AND THAT PART OF LOT 23 BD BY THE SIDE LINES OF SD LOT 11 PRODUCED, BLK 60",,,,0,,,Reviewing Offer,Adopt-a-Lot,,
4119307023,"910 VICTORIA AVE
FLINT, MI 48507",401,2019,No,11400,5199.66,A,,10/27/2023,03/07/2026,1941,ASSESSORS PLAT NO. 8 LOT 6,x,11/06/2023,4000,0,,,Reviewing Offers,,,
4011457003,"915 N CHEVROLET AVE
FLINT, MI 48504",401,2025,,,4332.16,A,,,,1920,,,,,,,,Needs Pictures,,,
4119309002,"917 VICTORIA AVE
FLINT, MI 48507",401,2017,No,11100,4176.18,A,,05/03/2023,,1923,ASSESSORS PLAT NO. 8 LOT 41,x,05/15/2023,4000,0,,,Re-R4R,,,
4119159018,"934 OSSINGTON AVE
FLINT, MI 48507",401,2017,No,7600,3123.93,A,,06/08/2023,02/21/2026,1923,FENTON STREET SUBDIVISION LOT 82.,,06/19/2023,2500,0,,,Reviewing Offers,,,
,,,,,,,,,,,,,,,,,,,,,,
,,,,,,,,,,,,,,,,,,,,,,
,,,,,,,,,,,,,,,,,,,,,,
,,,,,,,,,,,,,,,,,,,,,,
,,,,,,,,,,,,,,,,,,,,,,
,,,,,,,,,,,,,,,,,,,,,,
,,,,,,,,,,,,,,,,,,,,,,
,,,,,,,,,,,,,,,,,,,,,,
,,,,,,,,,,,,,,,,,,,,,,
,,,,,,,,,,,,,,,,,,,,,,
,,,,,,,,,,,,,,,,,,,,,,
,,,,,,,,,,,,,,,,,,,,,,
,,,,,,,,,,,,,,,,,,,,,,
,,,,,,,,,,,,,,,,,,,,,,
,,,,,,,,,,,,,,,,,,,,,,
,,,,,,,,,,,,,,,,,,,,,,
,,,,,,,,,,,,,,,,,,,,,,
,,,,,,,,,,,,,,,,,,,,,,
,,,,,,,,,,,,,,,,,,,,,,
,,,,,,,,,,,,,,,,,,,,,,
,,,,,,,,,,,,,,,,,,,,,,
,,,,,,,,,,,,,,,,,,,,,,
,,,,,,,,,,,,,,,,,,,,,,
,,,,,,,,,,,,,,,,,,,,,,
,,,,,,,,,,,,,,,,,,,,,,
,,,,,,,,,,,,,,,,,,,,,,
,,,,,,,,,,,,,,,,,,,,,,
,,,,,,,,,,,,,,,,,,,,,,
,,,,,,,,,,,,,,,,,,,,,,
,,,,,,,,,,,,,,,,,,,,,,
,,,,,,,,,,,,,,,,,,,,,,
,,,,,,,,,,,,,,,,,,,,,,
,,,,,,,,,,,,,,,,,,,,,,
,,,,,,,,,,,,,,,,,,,,,09/25/2015,12/4/2019
,,,,,,,,,,,,,,,,,,,,,,
,,,,,,,,,,,,,,,,,,,,,,
,,,,,,,,,,,,,,,,,,,,,,
,,,,,,,,,,,,,,,,,,,,,,
,,,,,,,,,,,,,,,,,,,,,,
,,,,,,,,,,,,,,,,,,,,,,
,,,,,,,,,,,,,,,,,,,,,,
,,,,,,,,,,,,,,,,,,,,,,
,,,,,,,,,,,,,,,,,,,,,,
,,,,,,,,,,,,,,,,,,,,,,
,,,,,,,,,,,,,,,,,,,,,,
,,,,,,,,,,,,,,,,,,,,,,
,,,,,,,,,,,,,,,,,,,,,,
,,,,,,,,,,,,,,,,,,,,,,
,,,,,,,,,,,,,,,,,,,,,,
,,,,,,,,,,,,,,,,,,,,,,
,,,,,,,,,,,,,,,,,,,,,,
,,,,,,,,,,,,,,,,,,,,,,
,,,,,,,,,,,,,,,,,,,,,,
,,,,,,,,,,,,,,,,,,,,,,
,,,,,,,,,,,,,,,,,,,,,,
,,,,,,,,,,,,,,,,,,,,,,
,,,,,,,,,,,,,,,,,,,,,,
,,,,,,,,,,,,,,,,,,,,,,
,,,,,,,,,,,,,,,,,,,,,,
,,,,,,,,,,,,,,,,,,,,,,
,,,,,,,,,,,,,,,,,,,,,,
,,,,,,,,,,,,,,,,,,,,,,
,,,,,,,,,,,,,,,,,,,,,,
,,,,,,,,,,,,,,,,,,,,,,
,,,,,,,,,,,,,,,,,,,,,,
,,,,,,,,,,,,,,,,,,,,,,
,,,,,,,,,,,,,,,,,,,,,,
,,,,,,,,,,,,,,,,,,,,,,
,,,,,,,,,,,,,,,,,,,,,,
,,,,,,,,,,,,,,,,,,,,,,
,,,,,,,,,,,,,,,,,,,,,,
,,,,,,,,,,,,,,,,,,,,,,
,,,,,,,,,,,,,,,,,,,,,,
,,,,,,,,,,,,,,,,,,,,,,
,,,,,,,,,,,,,,,,,,,,,,
,,,,,,,,,,,,,,,,,,,,,,
,,,,,,,,,,,,,,,,,,,,,,
,,,,,,,,,,,,,,,,,,,,,,
,,,,,,,,,,,,,,,,,,,,,,
,,,,,,,,,,,,,,,,,,,,,,
,,,,,,,,,,,,,,,,,,,,,,
,,,,,,,,,,,,,,,,,,,,,,
,,,,,,,,,,,,,,,,,,,,,,
,,,,,,,,,,,,,,,,,,,,,,
,,,,,,,,,,,,,,,,,,,,,,
,,,,,,,,,,,,,,,,,,,,,,
,,,,,,,,,,,,,,,,,,,,,,
,,,,,,,,,,,,,,,,,,,,,,
,,,,,,,,,,,,,,,,,,,,,,
,,,,,,,,,,,,,,,,,,,,,,
,,,,,,,,,,,,,,,,,,,,,,
,,,,,,,,,,,,,,,,,,,,,,
,,,,,,,,,,,,,,,,,,,,,,
,,,,,,,,,,,,,,,,,,,,,,
,,,,,,,,,,,,,,,,,,,,,,
,,,,,,,,,,,,,,,,,,,,,,
,,,,,,,,,,,,,,,,,,,,,,
,,,,,,,,,,,,,,,,,,,,,,
,,,,,,,,,,,,,,,,,,,,,,
,,,,,,,,,,,,,,,,,,,,,,
,,,,,,,,,,,,,,,,,,,,,,
,,,,,,,,,,,,,,,,,,,,,,
,,,,,,,,,,,,,,,,,,,,,,
,,,,,,,,,,,,,,,,,,,,,,
,,,,,,,,,,,,,,,,,,,,,,
,,,,,,,,,,,,,,,,,,,,,,
,,,,,,,,,,,,,,,,,,,,,,
,,,,,,,,,,,,,,,,,,,,,,
,,,,,,,,,,,,,,,,,,,,,,
,,,,,,,,,,,,,,,,,,,,,,
,,,,,,,,,,,,,,,,,,,,,,
,,,,,,,,,,,,,,,,,,,,,,
,,,,,,,,,,,,,,,,,,,,,,
,,,,,,,,,,,,,,,,,,,,,,
,,,,,,,,,,,,,,,,,,,,,,
,,,,,,,,,,,,,,,,,,,,,,
,,,,,,,,,,,,,,,,,,,,,,
,,,,,,,,,,,,,,,,,,,,,,
,,,,,,,,,,,,,,,,,,,,,,
,,,,,,,,,,,,,,,,,,,,,,
,,,,,,,,,,,,,,,,,,,,,,
,,,,,,,,,,,,,,,,,,,,,,
,,,,,,,,,,,,,,,,,,,,,,
,,,,,,,,,,,,,,,,,,,,,,
,,,,,,,,,,,,,,,,,,,,,,
,,,,,,,,,,,,,,,,,,,,,,
,,,,,,,,,,,,,,,,,,,,,,
,,,,,,,,,,,,,,,,,,,,,,
,,,,,,,,,,,,,,,,,,,,,,
,,,,,,,,,,,,,,,,,,,,,,
,,,,,,,,,,,,,,,,,,,,,,
,,,,,,,,,,,,,,,,,,,,,,
,,,,,,,,,,,,,,,,,,,,,,
,,,,,,,,,,,,,,,,,,,,,,
,,,,,,,,,,,,,,,,,,,,,,
,,,,,,,,,,,,,,,,,,,,,,
,,,,,,,,,,,,,,,,,,,,,,
,,,,,,,,,,,,,,,,,,,,,,
,,,,,,,,,,,,,,,,,,,,,,
,,,,,,,,,,,,,,,,,,,,,,
,,,,,,,,,,,,,,,,,,,,,,
,,,,,,,,,,,,,,,,,,,,,,
,,,,,,,,,,,,,,,,,,,,,,
,,,,,,,,,,,,,,,,,,,,,,
,,,,,,,,,,,,,,,,,,,,,,
,,,,,,,,,,,,,,,,,,,,,,
,,,,,,,,,,,,,,,,,,,,,,
,,,,,,,,,,,,,,,,,,,,,,
,,,,,,,,,,,,,,,,,,,,,,
,,,,,,,,,,,,,,,,,,,,,,
,,,,,,,,,,,,,,,,,,,,,,
,,,,,,,,,,,,,,,,,,,,,,
,,,,,,,,,,,,,,,,,,,,,,
,,,,,,,,,,,,,,,,,,,,,10/25/2018,
,,,,,,,,,,,,,,,,,,,,,,
,,,,,,,,,,,,,,,,,,,,,,
,,,,,,,,,,,,,,,,,,,,,,
,,,,,,,,,,,,,,,,,,,,,,
,,,,,,,,,,,,,,,,,,,,,,
,,,,,,,,,,,,,,,,,,,,,,
,,,,,,,,,,,,,,,,,,,,,,
,,,,,,,,,,,,,,,,,,,,,,
,,,,,,,,,,,,,,,,,,,,,,
,,,,,,,,,,,,,,,,,,,,,,
,,,,,,,,,,,,,,,,,,,,,,
,,,,,,,,,,,,,,,,,,,,,,
,,,,,,,,,,,,,,,,,,,,,,
,,,,,,,,,,,,,,,,,,,,,,
,,,,,,,,,,,,,,,,,,,,,,
,,,,,,,,,,,,,,,,,,,,,,
,,,,,,,,,,,,,,,,,,,,,,
,,,,,,,,,,,,,,,,,,,,,,
,,,,,,,,,,,,,,,,,,,,,,
,,,,,,,,,,,,,,,,,,,,,,
,,,,,,,,,,,,,,,,,,,,,,
,,,,,,,,,,,,,,,,,,,,,,
,,,,,,,,,,,,,,,,,,,,,,
,,,,,,,,,,,,,,,,,,,,,,
,,,,,,,,,,,,,,,,,,,,,,
,,,,,,,,,,,,,,,,,,,,,,
,,,,,,,,,,,,,,,,,,,,,,
,,,,,,,,,,,,,,,,,,,,,,
,,,,,,,,,,,,,,,,,,,,,,
,,,,,,,,,,,,,,,,,,,,,,
,,,,,,,,,,,,,,,,,,,,,,
,,,,,,,,,,,,,,,,,,,,,,
,,,,,,,,,,,,,,,,,,,,,,
,,,,,,,,,,,,,,,,,,,,,,
,,,,,,,,,,,,,,,,,,,,,,
,,,,,,,,,,,,,,,,,,,,,,
,,,,,,,,,,,,,,,,,,,,,,
,,,,,,,,,,,,,,,,,,,,,,
,,,,,,,,,,,,,,,,,,,,,,
,,,,,,,,,,,,,,,,,,,,,,
,,,,,,,,,,,,,,,,,,,,,,
,,,,,,,,,,,,,,,,,,,,,,
,,,,,,,,,,,,,,,,,,,,,,
,,,,,,,,,,,,,,,,,,,,,,
,,,,,,,,,,,,,,,,,,,,,,
,,,,,,,,,,,,,,,,,,,,,,
,,,,,,,,,,,,,,,,,,,,,,
,,,,,,,,,,,,,,,,,,,,,,
,,,,,,,,,,,,,,,,,,,,,,
,,,,,,,,,,,,,,,,,,,,,,
,,,,,,,,,,,,,,,,,,,,,,
,,,,,,,,,,,,,,,,,,,,,,
,,,,,,,,,,,,,,,,,,,,,,
,,,,,,,,,,,,,,,,,,,,,,
,,,,,,,,,,,,,,,,,,,,,,
,,,,,,,,,,,,,,,,,,,,,,
,,,,,,,,,,,,,,,,,,,,,,
,,,,,,,,,,,,,,,,,,,,,,
,,,,,,,,,,,,,,,,,,,,,,
,,,,,,,,,,,,,,,,,,,,,,
,,,,,,,,,,,,,,,,,,,,,,
,,,,,,,,,,,,,,,,,,,,,,
,,,,,,,,,,,,,,,,,,,,,,
,,,,,,,,,,,,,,,,,,,,,,
,,,,,,,,,,,,,,,,,,,,,,
,,,,,,,,,,,,,,,,,,,,,,
,,,,,,,,,,,,,,,,,,,,,,
,,,,,,,,,,,,,,,,,,,,,,
,,,,,,,,,,,,,,,,,,,,,,
,,,,,,,,,,,,,,,,,,,,,,
,,,,,,,,,,,,,,,,,,,,,,
,,,,,,,,,,,,,,,,,,,,,,
,,,,,,,,,,,,,,,,,,,,,,
,,,,,,,,,,,,,,,,,,,,,,
,,,,,,,,,,,,,,,,,,,,,,
,,,,,,,,,,,,,,,,,,,,,,
,,,,,,,,,,,,,,,,,,,,,,
,,,,,,,,,,,,,,,,,,,,,,
,,,,,,,,,,,,,,,,,,,,,,
,,,,,,,,,,,,,,,,,,,,,,
,,,,,,,,,,,,,,,,,,,,,,
,,,,,,,,,,,,,,,,,,,,,,
,,,,,,,,,,,,,,,,,,,,,,
,,,,,,,,,,,,,,,,,,,,,,
,,,,,,,,,,,,,,,,,,,,,,
,,,,,,,,,,,,,,,,,,,,,,
,,,,,,,,,,,,,,,,,,,,,,
,,,,,,,,,,,,,,,,,,,,,,
,,,,,,,,,,,,,,,,,,,,,,
,,,,,,,,,,,,,,,,,,,,,,
,,,,,,,,,,,,,,,,,,,,,,
,,,,,,,,,,,,,,,,,,,,,,
,,,,,,,,,,,,,,,,,,,,,,
,,,,,,,,,,,,,,,,,,,,,,
,,,,,,,,,,,,,,,,,,,,,,
,,,,,,,,,,,,,,,,,,,,,,
,,,,,,,,,,,,,,,,,,,,,,
,,,,,,,,,,,,,,,,,,,,,,
,,,,,,,,,,,,,,,,,,,,,,
,,,,,,,,,,,,,,,,,,,,,,
,,,,,,,,,,,,,,,,,,,,,,
,,,,,,,,,,,,,,,,,,,,,,
,,,,,,,,,,,,,,,,,,,,,,
,,,,,,,,,,,,,,,,,,,,,,
,,,,,,,,,,,,,,,,,,,,,,
,,,,,,,,,,,,,,,,,,,,,,
,,,,,,,,,,,,,,,,,,,,,,
,,,,,,,,,,,,,,,,,,,,,,
,,,,,,,,,,,,,,,,,,,,,,
,,,,,,,,,,,,,,,,,,,,,,
,,,,,,,,,,,,,,,,,,,,,,
,,,,,,,,,,,,,,,,,,,,,,
,,,,,,,,,,,,,,,,,,,,,,
,,,,,,,,,,,,,,,,,,,,,,
,,,,,,,,,,,,,,,,,,,,,,
,,,,,,,,,,,,,,,,,,,,,,
,,,,,,,,,,,,,,,,,,,,,,
,,,,,,,,,,,,,,,,,,,,,,
,,,,,,,,,,,,,,,,,,,,,,
,,,,,,,,,,,,,,,,,,,,,,
,,,,,,,,,,,,,,,,,,,,,,
,,,,,,,,,,,,,,,,,,,,,,
,,,,,,,,,,,,,,,,,,,,,,
,,,,,,,,,,,,,,,,,,,,,,
,,,,,,,,,,,,,,,,,,,,,,
,,,,,,,,,,,,,,,,,,,,,,
,,,,,,,,,,,,,,,,,,,,,,
,,,,,,,,,,,,,,,,,,,,,,
,,,,,,,,,,,,,,,,,,,,,,
,,,,,,,,,,,,,,,,,,,,,,
,,,,,,,,,,,,,,,,,,,,,,
,,,,,,,,,,,,,,,,,,,,,,
,,,,,,,,,,,,,,,,,,,,,,
,,,,,,,,,,,,,,,,,,,,,,
,,,,,,,,,,,,,,,,,,,,,,
,,,,,,,,,,,,,,,,,,,,,,
,,,,,,,,,,,,,,,,,,,,,,
,,,,,,,,,,,,,,,,,,,,,,
,,,,,,,,,,,,,,,,,,,,,,
,,,,,,,,,,,,,,,,,,,,,,
,,,,,,,,,,,,,,,,,,,,,,
,,,,,,,,,,,,,,,,,,,,,,
,,,,,,,,,,,,,,,,,,,,,,
,,,,,,,,,,,,,,,,,,,,,,
,,,,,,,,,,,,,,,,,,,,,,
,,,,,,,,,,,,,,,,,,,,,,
,,,,,,,,,,,,,,,,,,,,,,
,,,,,,,,,,,,,,,,,,,,,,
,,,,,,,,,,,,,,,,,,,,,,
,,,,,,,,,,,,,,,,,,,,,,
,,,,,,,,,,,,,,,,,,,,,,
,,,,,,,,,,,,,,,,,,,,,,
,,,,,,,,,,,,,,,,,,,,,,
,,,,,,,,,,,,,,,,,,,,,,
,,,,,,,,,,,,,,,,,,,,,,
,,,,,,,,,,,,,,,,,,,,,,
,,,,,,,,,,,,,,,,,,,,,,
,,,,,,,,,,,,,,,,,,,,,,
,,,,,,,,,,,,,,,,,,,,,,
,,,,,,,,,,,,,,,,,,,,,,
,,,,,,,,,,,,,,,,,,,,,,
,,,,,,,,,,,,,,,,,,,,,,
,,,,,,,,,,,,,,,,,,,,,,
,,,,,,,,,,,,,,,,,,,,,,
,,,,,,,,,,,,,,,,,,,,,,
,,,,,,,,,,,,,,,,,,,,,,
,,,,,,,,,,,,,,,,,,,,,,
,,,,,,,,,,,,,,,,,,,,,,
,,,,,,,,,,,,,,,,,,,,,,
,,,,,,,,,,,,,,,,,,,,,,
,,,,,,,,,,,,,,,,,,,,,,
,,,,,,,,,,,,,,,,,,,,,,
,,,,,,,,,,,,,,,,,,,,,,
,,,,,,,,,,,,,,,,,,,,,,
,,,,,,,,,,,,,,,,,,,,,,
,,,,,,,,,,,,,,,,,,,,,,
,,,,,,,,,,,,,,,,,,,,,,
,,,,,,,,,,,,,,,,,,,,,,
,,,,,,,,,,,,,,,,,,,,,,
,,,,,,,,,,,,,,,,,,,,,,
,,,,,,,,,,,,,,,,,,,,,,
,,,,,,,,,,,,,,,,,,,,,,
,,,,,,,,,,,,,,,,,,,,,,
,,,,,,,,,,,,,,,,,,,,,,
,,,,,,,,,,,,,,,,,,,,,,
,,,,,,,,,,,,,,,,,,,,,,
,,,,,,,,,,,,,,,,,,,,,,
,,,,,,,,,,,,,,,,,,,,,,
,,,,,,,,,,,,,,,,,,,,,,
,,,,,,,,,,,,,,,,,,,,,,
,,,,,,,,,,,,,,,,,,,,,,
,,,,,,,,,,,,,,,,,,,,,,
,,,,,,,,,,,,,,,,,,,,,,
,,,,,,,,,,,,,,,,,,,,,,
,,,,,,,,,,,,,,,,,,,,,,
,,,,,,,,,,,,,,,,,,,,,,
,,,,,,,,,,,,,,,,,,,,,,
,,,,,,,,,,,,,,,,,,,,,,
,,,,,,,,,,,,,,,,,,,,,,
,,,,,,,,,,,,,,,,,,,,,,
,,,,,,,,,,,,,,,,,,,,,,
,,,,,,,,,,,,,,,,,,,,,,
,,,,,,,,,,,,,,,,,,,,,,
,,,,,,,,,,,,,,,,,,,,,,
,,,,,,,,,,,,,,,,,,,,,,
,,,,,,,,,,,,,,,,,,,,,,
,,,,,,,,,,,,,,,,,,,,,,
,,,,,,,,,,,,,,,,,,,,,,
,,,,,,,,,,,,,,,,,,,,,,
,,,,,,,,,,,,,,,,,,,,,,
,,,,,,,,,,,,,,,,,,,,,,
,,,,,,,,,,,,,,,,,,,,,,
,,,,,,,,,,,,,,,,,,,,,,
,,,,,,,,,,,,,,,,,,,,,,
,,,,,,,,,,,,,,,,,,,,,,
,,,,,,,,,,,,,,,,,,,,,,
,,,,,,,,,,,,,,,,,,,,,,
,,,,,,,,,,,,,,,,,,,,,,
,,,,,,,,,,,,,,,,,,,,,,
,,,,,,,,,,,,,,,,,,,,,,
,,,,,,,,,,,,,,,,,,,,,,
,,,,,,,,,,,,,,,,,,,,,,
,,,,,,,,,,,,,,,,,,,,,,
,,,,,,,,,,,,,,,,,,,,,,
,,,,,,,,,,,,,,,,,,,,,,
,,,,,,,,,,,,,,,,,,,,,,
,,,,,,,,,,,,,,,,,,,,,,
,,,,,,,,,,,,,,,,,,,,,,
,,,,,,,,,,,,,,,,,,,,,,
,,,,,,,,,,,,,,,,,,,,,,
,,,,,,,,,,,,,,,,,,,,,,
,,,,,,,,,,,,,,,,,,,,,,
,,,,,,,,,,,,,,,,,,,,,,
,,,,,,,,,,,,,,,,,,,,,,
,,,,,,,,,,,,,,,,,,,,,,
,,,,,,,,,,,,,,,,,,,,,,
,,,,,,,,,,,,,,,,,,,,,,
,,,,,,,,,,,,,,,,,,,,,,
,,,,,,,,,,,,,,,,,,,,,,
,,,,,,,,,,,,,,,,,,,,,,
,,,,,,,,,,,,,,,,,,,,,,
,,,,,,,,,,,,,,,,,,,,,,
,,,,,,,,,,,,,,,,,,,,,,
,,,,,,,,,,,,,,,,,,,,,,
,,,,,,,,,,,,,,,,,,,,,,
,,,,,,,,,,,,,,,,,,,,,,
,,,,,,,,,,,,,,,,,,,,,,
,,,,,,,,,,,,,,,,,,,,,,
,,,,,,,,,,,,,,,,,,,,,,
,,,,,,,,,,,,,,,,,,,,,,
,,,,,,,,,,,,,,,,,,,,,,
,,,,,,,,,,,,,,,,,,,,,,
,,,,,,,,,,,,,,,,,,,,,,
,,,,,,,,,,,,,,,,,,,,,,
,,,,,,,,,,,,,,,,,,,,,,
,,,,,,,,,,,,,,,,,,,,,,
,,,,,,,,,,,,,,,,,,,,,,
,,,,,,,,,,,,,,,,,,,,,,
,,,,,,,,,,,,,,,,,,,,,,
,,,,,,,,,,,,,,,,,,,,,,
,,,,,,,,,,,,,,,,,,,,,,
,,,,,,,,,,,,,,,,,,,,,,
,,,,,,,,,,,,,,,,,,,,,,
,,,,,,,,,,,,,,,,,,,,,,
,,,,,,,,,,,,,,,,,,,,,,
,,,,,,,,,,,,,,,,,,,,,,
,,,,,,,,,,,,,,,,,,,,,,
,,,,,,,,,,,,,,,,,,,,,,
,,,,,,,,,,,,,,,,,,,,,,
,,,,,,,,,,,,,,,,,,,,,,
,,,,,,,,,,,,,,,,,,,,,,
,,,,,,,,,,,,,,,,,,,,,,
,,,,,,,,,,,,,,,,,,,,,,
,,,,,,,,,,,,,,,,,,,,,,
,,,,,,,,,,,,,,,,,,,,,,
,,,,,,,,,,,,,,,,,,,,,,
,,,,,,,,,,,,,,,,,,,,,,
,,,,,,,,,,,,,,,,,,,,,,
,,,,,,,,,,,,,,,,,,,,,,
,,,,,,,,,,,,,,,,,,,,,,
,,,,,,,,,,,,,,,,,,,,,,
,,,,,,,,,,,,,,,,,,,,,,
,,,,,,,,,,,,,,,,,,,,,,
,,,,,,,,,,,,,,,,,,,,,,
,,,,,,,,,,,,,,,,,,,,,,
,,,,,,,,,,,,,,,,,,,,,,
,,,,,,,,,,,,,,,,,,,,,,
,,,,,,,,,,,,,,,,,,,,,,
,,,,,,,,,,,,,,,,,,,,,,
,,,,,,,,,,,,,,,,,,,,,,
,,,,,,,,,,,,,,,,,,,,,,
,,,,,,,,,,,,,,,,,,,,,,
,,,,,,,,,,,,,,,,,,,,,,
,,,,,,,,,,,,,,,,,,,,,,
,,,,,,,,,,,,,,,,,,,,,,
,,,,,,,,,,,,,,,,,,,,,,
,,,,,,,,,,,,,,,,,,,,,,
,,,,,,,,,,,,,,,,,,,,,,
,,,,,,,,,,,,,,,,,,,,,,
,,,,,,,,,,,,,,,,,,,,,,
,,,,,,,,,,,,,,,,,,,,,,
,,,,,,,,,,,,,,,,,,,,,,
,,,,,,,,,,,,,,,,,,,,,,
,,,,,,,,,,,,,,,,,,,,,,
,,,,,,,,,,,,,,,,,,,,,,
,,,,,,,,,,,,,,,,,,,,,,
,,,,,,,,,,,,,,,,,,,,,,
,,,,,,,,,,,,,,,,,,,,,,
,,,,,,,,,,,,,,,,,,,,,,
,,,,,,,,,,,,,,,,,,,,,,
,,,,,,,,,,,,,,,,,,,,,,
,,,,,,,,,,,,,,,,,,,,,,
,,,,,,,,,,,,,,,,,,,,,,
,,,,,,,,,,,,,,,,,,,,,,
,,,,,,,,,,,,,,,,,,,,,,
,,,,,,,,,,,,,,,,,,,,,,
,,,,,,,,,,,,,,,,,,,,,,
,,,,,,,,,,,,,,,,,,,,,,
,,,,,,,,,,,,,,,,,,,,,,
,,,,,,,,,,,,,,,,,,,,,,
,,,,,,,,,,,,,,,,,,,,,,
,,,,,,,,,,,,,,,,,,,,,,
,,,,,,,,,,,,,,,,,,,,,,
,,,,,,,,,,,,,,,,,,,,,,
,,,,,,,,,,,,,,,,,,,,,07/10/2008,2/3/2016
,,,,,,,,,,,,,,,,,,,,,,
,,,,,,,,,,,,,,,,,,,,,,
,,,,,,,,,,,,,,,,,,,,,,
,,,,,,,,,,,,,,,,,,,,,,
,,,,,,,,,,,,,,,,,,,,,,
,,,,,,,,,,,,,,,,,,,,,,
,,,,,,,,,,,,,,,,,,,,,,
,,,,,,,,,,,,,,,,,,,,,,
,,,,,,,,,,,,,,,,,,,,,,
,,,,,,,,,,,,,,,,,,,,,,
,,,,,,,,,,,,,,,,,,,,,,
,,,,,,,,,,,,,,,,,,,,,,
,,,,,,,,,,,,,,,,,,,,,,
,,,,,,,,,,,,,,,,,,,,,,
,,,,,,,,,,,,,,,,,,,,,,
,,,,,,,,,,,,,,,,,,,,,,
,,,,,,,,,,,,,,,,,,,,,,
,,,,,,,,,,,,,,,,,,,,,,
,,,,,,,,,,,,,,,,,,,,,,
,,,,,,,,,,,,,,,,,,,,,,
,,,,,,,,,,,,,,,,,,,,,,
,,,,,,,,,,,,,,,,,,,,,,
,,,,,,,,,,,,,,,,,,,,,,
,,,,,,,,,,,,,,,,,,,,,,
,,,,,,,,,,,,,,,,,,,,,,
,,,,,,,,,,,,,,,,,,,,,,
,,,,,,,,,,,,,,,,,,,,,,
,,,,,,,,,,,,,,,,,,,,,,
,,,,,,,,,,,,,,,,,,,,,,
,,,,,,,,,,,,,,,,,,,,,,
,,,,,,,,,,,,,,,,,,,,,,
,,,,,,,,,,,,,,,,,,,,,,
,,,,,,,,,,,,,,,,,,,,,,
,,,,,,,,,,,,,,,,,,,,,,
,,,,,,,,,,,,,,,,,,,,,,
,,,,,,,,,,,,,,,,,,,,,,
,,,,,,,,,,,,,,,,,,,,,,
,,,,,,,,,,,,,,,,,,,,,,
,,,,,,,,,,,,,,,,,,,,,,
,,,,,,,,,,,,,,,,,,,,,,
,,,,,,,,,,,,,,,,,,,,,,
,,,,,,,,,,,,,,,,,,,,,,
,,,,,,,,,,,,,,,,,,,,,,
,,,,,,,,,,,,,,,,,,,,,,
,,,,,,,,,,,,,,,,,,,,,,
,,,,,,,,,,,,,,,,,,,,,,
,,,,,,,,,,,,,,,,,,,,,,
,,,,,,,,,,,,,,,,,,,,,,
,,,,,,,,,,,,,,,,,,,,,,
,,,,,,,,,,,,,,,,,,,,,,
,,,,,,,,,,,,,,,,,,,,,,
,,,,,,,,,,,,,,,,,,,,,,
,,,,,,,,,,,,,,,,,,,,,,
,,,,,,,,,,,,,,,,,,,,,,
,,,,,,,,,,,,,,,,,,,,,,
,,,,,,,,,,,,,,,,,,,,,,
,,,,,,,,,,,,,,,,,,,,,,
,,,,,,,,,,,,,,,,,,,,,,
,,,,,,,,,,,,,,,,,,,,,,
,,,,,,,,,,,,,,,,,,,,,,
,,,,,,,,,,,,,,,,,,,,,,
,,,,,,,,,,,,,,,,,,,,,,
,,,,,,,,,,,,,,,,,,,,,05/20/2008,4/17/2012
,,,,,,,,,,,,,,,,,,,,,,
,,,,,,,,,,,,,,,,,,,,,,
,,,,,,,,,,,,,,,,,,,,,,
,,,,,,,,,,,,,,,,,,,,,,
,,,,,,,,,,,,,,,,,,,,,,
,,,,,,,,,,,,,,,,,,,,,,
,,,,,,,,,,,,,,,,,,,,,,
,,,,,,,,,,,,,,,,,,,,,,
,,,,,,,,,,,,,,,,,,,,,,
,,,,,,,,,,,,,,,,,,,,,,
,,,,,,,,,,,,,,,,,,,,,,
,,,,,,,,,,,,,,,,,,,,,,
,,,,,,,,,,,,,,,,,,,,,,
,,,,,,,,,,,,,,,,,,,,,,
,,,,,,,,,,,,,,,,,,,,,,
,,,,,,,,,,,,,,,,,,,,,03/01/2016,7/6/2023
,,,,,,,,,,,,,,,,,,,,,04/16/2015,7/30/2015
